Monitoreo,Nombre_punto,Norte,Este,Elevacion,Fecha,Altura_tanque,Nivel_tanque
0,PUNTO - 1 = 127º,410.571,437.933,100.32,5 DE ABRIL 2013,3.17,0
0,PUNTO - 2,403.362,431.078,100.331,5 DE ABRIL 2013,3.17,0
0,PUNTO - 3,397.761,422.847,100.337,5 DE ABRIL 2013,3.17,0
0,PUNTO - 4,394.056,413.629,100.341,5 DE ABRIL 2013,3.17,0
0,PUNTO - 5,392.382,403.848,100.339,5 DE ABRIL 2013,3.17,0
0,PUNTO - 6,392.836,393.925,100.318,5 DE ABRIL 2013,3.17,0
0,PUNTO - 7,395.405,384.331,100.298,5 DE ABRIL 2013,3.17,0
0,PUNTO - 8,399.966,375.502,100.294,5 DE ABRIL 2013,3.17,0
0,PUNTO - 9,406.378,367.725,100.305,5 DE ABRIL 2013,3.17,0
0,PUNTO - 10,411.158,363.664,100.313,5 DE ABRIL 2013,3.17,0
0,PUNTO - 11,419.738,358.654,100.336,5 DE ABRIL 2013,3.17,0
0,PUNTO - 12,429.185,355.587,100.332,5 DE ABRIL 2013,3.17,0
0,PUNTO - 13,439.113,354.607,100.321,5 DE ABRIL 2013,3.17,0
0,PUNTO - 14,448.975,355.756,100.311,5 DE ABRIL 2013,3.17,0
0,PUNTO - 15,458.354,358.972,100.307,5 DE ABRIL 2013,3.17,0
0,PUNTO - 16,466.865,364.119,100.3,5 DE ABRIL 2013,3.17,0
0,PUNTO - 17,474.075,370.971,100.294,5 DE ABRIL 2013,3.17,0
0,PUNTO - 18,479.666,379.193,100.291,5 DE ABRIL 2013,3.17,0
0,PUNTO - 19,483.346,388.433,100.295,5 DE ABRIL 2013,3.17,0
0,PUNTO - 20,484.997,398.206,100.305,5 DE ABRIL 2013,3.17,0
0,PUNTO - 21,484.501,408.27,100.316,5 DE ABRIL 2013,3.17,0
0,PUNTO - 22,482.093,417.917,100.305,5 DE ABRIL 2013,3.17,0
0,PUNTO - 23,477.404,426.597,100.291,5 DE ABRIL 2013,3.17,0
0,PUNTO - 24,471.086,434.245,100.293,5 DE ABRIL 2013,3.17,0
0,PUNTO - 25,463.245,440.389,100.295,5 DE ABRIL 2013,3.17,0
0,PUNTO - 26,454.272,444.717,100.29,5 DE ABRIL 2013,3.17,0
0,PUNTO - 27,444.897,446.975,100.288,5 DE ABRIL 2013,3.17,0
0,PUNTO - 28,434.972,447.215,100.289,5 DE ABRIL 2013,3.17,0
0,PUNTO - 29,425.224,445.378,100.297,5 DE ABRIL 2013,3.17,0
0,PUNTO - 30,416.079,441.504,100.31,5 DE ABRIL 2013,3.17,0
8,PUNTO - 1 = 127º,410.57,437.934,100.32,5 de Septiembre,3.204,0
8,PUNTO - 2,403.36,431.079,100.33,5 de Septiembre,3.204,0
8,PUNTO - 3,397.76,422.847,100.335,5 de Septiembre,3.204,0
8,PUNTO - 4,394.057,413.628,100.34,5 de Septiembre,3.204,0
8,PUNTO - 5,392.382,403.848,100.339,5 de Septiembre,3.204,0
8,PUNTO - 6,392.836,393.924,100.317,5 de Septiembre,3.204,0
8,PUNTO - 7,395.404,384.33,100.299,5 de Septiembre,3.204,0
8,PUNTO - 8,399.966,375.501,100.291,5 de Septiembre,3.204,0
8,PUNTO - 9,406.377,367.726,100.303,5 de Septiembre,3.204,0
8,PUNTO - 10,411.156,363.662,100.31,5 de Septiembre,3.204,0
8,PUNTO - 11,419.737,358.654,100.333,5 de Septiembre,3.204,0
8,PUNTO - 12,429.183,355.583,100.329,5 de Septiembre,3.204,0
8,PUNTO - 13,439.11,354.603,100.319,5 de Septiembre,3.204,0
8,PUNTO - 14,448.975,355.753,100.308,5 de Septiembre,3.204,0
8,PUNTO - 15,458.351,358.969,100.306,5 de Septiembre,3.204,0
8,PUNTO - 16,466.862,364.117,100.297,5 de Septiembre,3.204,0
8,PUNTO - 17,474.071,370.968,100.292,5 de Septiembre,3.204,0
8,PUNTO - 18,479.665,379.193,100.288,5 de Septiembre,3.204,0
8,PUNTO - 19,483.345,388.43,100.292,5 de Septiembre,3.204,0
8,PUNTO - 20,484.996,398.204,100.302,5 de Septiembre,3.204,0
8,PUNTO - 21,484.5,408.269,100.313,5 de Septiembre,3.204,0
8,PUNTO - 22,482.09,417.913,100.303,5 de Septiembre,3.204,0
8,PUNTO - 23,477.401,426.592,100.289,5 de Septiembre,3.204,0
8,PUNTO - 24,471.083,434.245,100.288,5 de Septiembre,3.204,0
8,PUNTO - 25,463.243,440.389,100.29,5 de Septiembre,3.204,0
8,PUNTO - 26,454.27,444.716,100.285,5 de Septiembre,3.204,0
8,PUNTO - 27,444.895,446.975,100.283,5 de Septiembre,3.204,0
8,PUNTO - 28,434.97,447.215,100.284,5 de Septiembre,3.204,0
8,PUNTO - 29,425.222,445.377,100.293,5 de Septiembre,3.204,0
8,PUNTO - 30,416.077,441.504,100.306,5 de Septiembre,3.204,0
9,PUNTO - 1 = 127º,410.57,437.93,100.321,16 de Octubre,2.788,0
9,PUNTO - 2,403.36,431.077,100.331,16 de Octubre,2.788,0
9,PUNTO - 3,397.76,422.844,100.338,16 de Octubre,2.788,0
9,PUNTO - 4,394.056,413.626,100.341,16 de Octubre,2.788,0
9,PUNTO - 5,392.38,403.845,100.34,16 de Octubre,2.788,0
9,PUNTO - 6,392.835,393.923,100.319,16 de Octubre,2.788,0
9,PUNTO - 7,395.404,384.329,100.3,16 de Octubre,2.788,0
9,PUNTO - 8,399.965,375.5,100.293,16 de Octubre,2.788,0
9,PUNTO - 9,406.376,367.723,100.306,16 de Octubre,2.788,0
9,PUNTO - 10,411.155,363.66,100.314,16 de Octubre,2.788,0
9,PUNTO - 11,419.736,358.652,100.336,16 de Octubre,2.788,0
9,PUNTO - 12,429.183,355.585,100.332,16 de Octubre,2.788,0
9,PUNTO - 13,439.111,354.605,100.322,16 de Octubre,2.788,0
9,PUNTO - 14,448.975,355.754,100.311,16 de Octubre,2.788,0
9,PUNTO - 15,458.353,358.969,100.308,16 de Octubre,2.788,0
9,PUNTO - 16,466.864,364.117,100.3,16 de Octubre,2.788,0
9,PUNTO - 17,474.074,370.968,100.294,16 de Octubre,2.788,0
9,PUNTO - 18,479.664,379.191,100.289,16 de Octubre,2.788,0
9,PUNTO - 19,483.345,388.433,100.294,16 de Octubre,2.788,0
9,PUNTO - 20,484.997,398.205,100.304,16 de Octubre,2.788,0
9,PUNTO - 21,484.501,408.269,100.316,16 de Octubre,2.788,0
9,PUNTO - 22,482.093,417.914,100.305,16 de Octubre,2.788,0
9,PUNTO - 23,477.405,426.593,100.29,16 de Octubre,2.788,0
9,PUNTO - 24,471.085,434.243,100.292,16 de Octubre,2.788,0
9,PUNTO - 25,463.245,440.387,100.294,16 de Octubre,2.788,0
9,PUNTO - 26,454.272,444.714,100.289,16 de Octubre,2.788,0
9,PUNTO - 27,444.896,446.973,100.286,16 de Octubre,2.788,0
9,PUNTO - 28,434.972,447.211,100.287,16 de Octubre,2.788,0
9,PUNTO - 29,425.224,445.373,100.296,16 de Octubre,2.788,0
9,PUNTO - 30,416.079,441.501,100.31,16 de Octubre,2.788,0
10,PUNTO - 1 = 127º,410.568,437.93,100.321,14 de Noviembre,3.172,0
10,PUNTO - 2,403.358,431.076,100.331,14 de Noviembre,3.172,0
10,PUNTO - 3,397.758,422.844,100.337,14 de Noviembre,3.172,0
10,PUNTO - 4,394.053,413.626,100.341,14 de Noviembre,3.172,0
10,PUNTO - 5,392.377,403.845,100.34,14 de Noviembre,3.172,0
10,PUNTO - 6,392.833,393.922,100.319,14 de Noviembre,3.172,0
10,PUNTO - 7,395.402,384.328,100.3,14 de Noviembre,3.172,0
10,PUNTO - 8,399.962,375.499,100.293,14 de Noviembre,3.172,0
10,PUNTO - 9,406.374,367.723,100.306,14 de Noviembre,3.172,0
10,PUNTO - 10,411.153,363.66,100.314,14 de Noviembre,3.172,0
10,PUNTO - 11,419.734,358.652,100.337,14 de Noviembre,3.172,0
10,PUNTO - 12,429.179,355.582,100.332,14 de Noviembre,3.172,0
10,PUNTO - 13,439.106,354.601,100.322,14 de Noviembre,3.172,0
10,PUNTO - 14,448.971,355.75,100.311,14 de Noviembre,3.172,0
10,PUNTO - 15,458.348,358.966,100.309,14 de Noviembre,3.172,0
10,PUNTO - 16,466.86,364.114,100.3,14 de Noviembre,3.172,0
10,PUNTO - 17,474.071,370.964,100.295,14 de Noviembre,3.172,0
10,PUNTO - 18,479.66,379.188,100.291,14 de Noviembre,3.172,0
10,PUNTO - 19,483.342,388.427,100.295,14 de Noviembre,3.172,0
10,PUNTO - 20,484.993,398.2,100.306,14 de Noviembre,3.172,0
10,PUNTO - 21,484.497,408.265,100.317,14 de Noviembre,3.172,0
10,PUNTO - 22,482.09,417.91,100.306,14 de Noviembre,3.172,0
10,PUNTO - 23,477.403,426.59,100.292,14 de Noviembre,3.172,0
10,PUNTO - 24,471.082,434.239,100.293,14 de Noviembre,3.172,0
10,PUNTO - 25,463.242,440.383,100.295,14 de Noviembre,3.172,0
10,PUNTO - 26,454.269,444.71,100.29,14 de Noviembre,3.172,0
10,PUNTO - 27,444.894,446.969,100.287,14 de Noviembre,3.172,0
10,PUNTO - 28,434.969,447.211,100.288,14 de Noviembre,3.172,0
10,PUNTO - 29,425.221,445.373,100.297,14 de Noviembre,3.172,0
10,PUNTO - 30,416.076,441.501,100.31,14 de Noviembre,3.172,0
12,PUNTO - 1 = 127º,410.569,437.932,100.32,05 SEPTIEMBRE 2015,3.614,0
12,PUNTO - 2,403.359,431.078,100.33,05 SEPTIEMBRE 2015,3.614,0
12,PUNTO - 3,397.759,422.845,100.338,05 SEPTIEMBRE 2015,3.614,0
12,PUNTO - 4,394.055,413.627,100.341,05 SEPTIEMBRE 2015,3.614,0
12,PUNTO - 5,392.379,403.846,100.34,05 SEPTIEMBRE 2015,3.614,0
12,PUNTO - 6,392.835,393.921,100.318,05 SEPTIEMBRE 2015,3.614,0
12,PUNTO - 7,395.403,384.328,100.299,05 SEPTIEMBRE 2015,3.614,0
12,PUNTO - 8,399.964,375.497,100.291,05 SEPTIEMBRE 2015,3.614,0
12,PUNTO - 9,406.375,367.721,100.307,05 SEPTIEMBRE 2015,3.614,0
12,PUNTO - 10,411.155,363.659,100.314,05 SEPTIEMBRE 2015,3.614,0
12,PUNTO - 11,419.737,358.65,100.338,05 SEPTIEMBRE 2015,3.614,0
12,PUNTO - 12,429.185,355.583,100.333,05 SEPTIEMBRE 2015,3.614,0
12,PUNTO - 13,439.113,354.604,100.324,05 SEPTIEMBRE 2015,3.614,0
12,PUNTO - 14,448.977,355.755,100.312,05 SEPTIEMBRE 2015,3.614,0
12,PUNTO - 15,458.355,358.97,100.309,05 SEPTIEMBRE 2015,3.614,0
12,PUNTO - 16,466.867,364.119,100.3,05 SEPTIEMBRE 2015,3.614,0
12,PUNTO - 17,474.077,370.969,100.295,05 SEPTIEMBRE 2015,3.614,0
12,PUNTO - 18,479.665,379.192,100.291,05 SEPTIEMBRE 2015,3.614,0
12,PUNTO - 19,483.345,388.433,100.295,05 SEPTIEMBRE 2015,3.614,0
12,PUNTO - 20,484.996,398.207,100.306,05 SEPTIEMBRE 2015,3.614,0
12,PUNTO - 21,484.499,408.271,100.317,05 SEPTIEMBRE 2015,3.614,0
12,PUNTO - 22,482.091,417.916,100.306,05 SEPTIEMBRE 2015,3.614,0
12,PUNTO - 23,477.402,426.594,100.293,05 SEPTIEMBRE 2015,3.614,0
12,PUNTO - 24,471.082,434.245,100.291,05 SEPTIEMBRE 2015,3.614,0
12,PUNTO - 25,463.241,440.389,100.293,05 SEPTIEMBRE 2015,3.614,0
12,PUNTO - 26,454.267,444.716,100.289,05 SEPTIEMBRE 2015,3.614,0
12,PUNTO - 27,444.891,446.975,100.286,05 SEPTIEMBRE 2015,3.614,0
12,PUNTO - 28,434.971,447.216,100.288,05 SEPTIEMBRE 2015,3.614,0
12,PUNTO - 29,425.223,445.378,100.296,05 SEPTIEMBRE 2015,3.614,0
12,PUNTO - 30,416.077,441.503,100.31,05 SEPTIEMBRE 2015,3.614,0
15,PUNTO - 1 = 127º,410.57,437.929,100.32,07 ENERO 2016,3.61,0
15,PUNTO - 2,403.36,431.075,100.331,07 ENERO 2016,3.61,0
15,PUNTO - 3,397.758,422.843,100.337,07 ENERO 2016,3.61,0
15,PUNTO - 4,394.053,413.625,100.341,07 ENERO 2016,3.61,0
15,PUNTO - 5,392.378,403.844,100.34,07 ENERO 2016,3.61,0
15,PUNTO - 6,392.834,393.922,100.318,07 ENERO 2016,3.61,0
15,PUNTO - 7,395.403,384.328,100.299,07 ENERO 2016,3.61,0
15,PUNTO - 8,399.964,375.498,100.291,07 ENERO 2016,3.61,0
15,PUNTO - 9,406.375,367.722,100.305,07 ENERO 2016,3.61,0
15,PUNTO - 10,411.155,363.66,100.313,07 ENERO 2016,3.61,0
15,PUNTO - 11,419.737,358.652,100.336,07 ENERO 2016,3.61,0
15,PUNTO - 12,429.182,355.583,100.332,07 ENERO 2016,3.61,0
15,PUNTO - 13,439.11,354.601,100.323,07 ENERO 2016,3.61,0
15,PUNTO - 14,448.975,355.751,100.311,07 ENERO 2016,3.61,0
15,PUNTO - 15,458.352,358.966,100.308,07 ENERO 2016,3.61,0
15,PUNTO - 16,466.866,364.114,100.299,07 ENERO 2016,3.61,0
15,PUNTO - 17,474.079,370.964,100.293,07 ENERO 2016,3.61,0
15,PUNTO - 18,479.662,379.186,100.29,07 ENERO 2016,3.61,0
15,PUNTO - 19,483.343,388.425,100.293,07 ENERO 2016,3.61,0
15,PUNTO - 20,484.994,398.199,100.304,07 ENERO 2016,3.61,0
15,PUNTO - 21,484.498,408.264,100.315,07 ENERO 2016,3.61,0
15,PUNTO - 22,482.091,417.91,100.304,07 ENERO 2016,3.61,0
15,PUNTO - 23,477.404,426.59,100.291,07 ENERO 2016,3.61,0
15,PUNTO - 24,471.084,434.238,100.29,07 ENERO 2016,3.61,0
15,PUNTO - 25,463.244,440.382,100.292,07 ENERO 2016,3.61,0
15,PUNTO - 26,454.271,444.71,100.287,07 ENERO 2016,3.61,0
15,PUNTO - 27,444.895,446.969,100.284,07 ENERO 2016,3.61,0
15,PUNTO - 28,434.974,447.211,100.285,07 ENERO 2016,3.61,0
15,PUNTO - 29,425.224,445.373,100.295,07 ENERO 2016,3.61,0
15,PUNTO - 30,416.079,441.501,100.308,07 ENERO 2016,3.61,0
16,PUNTO - 1 = 127º,410.571,437.928,100.32,30 ABRIL 2016,3.159,0
16,PUNTO - 2,403.36,431.075,100.331,30 ABRIL 2016,3.159,0
16,PUNTO - 3,397.76,422.843,100.338,30 ABRIL 2016,3.159,0
16,PUNTO - 4,394.055,413.624,100.342,30 ABRIL 2016,3.159,0
16,PUNTO - 5,392.379,403.843,100.341,30 ABRIL 2016,3.159,0
16,PUNTO - 6,392.835,393.922,100.32,30 ABRIL 2016,3.159,0
16,PUNTO - 7,395.403,384.327,100.3,30 ABRIL 2016,3.159,0
16,PUNTO - 8,399.964,375.498,100.292,30 ABRIL 2016,3.159,0
16,PUNTO - 9,406.375,367.721,100.305,30 ABRIL 2016,3.159,0
16,PUNTO - 10,411.154,363.659,100.314,30 ABRIL 2016,3.159,0
16,PUNTO - 11,419.736,358.65,100.338,30 ABRIL 2016,3.159,0
16,PUNTO - 12,429.182,355.581,100.334,30 ABRIL 2016,3.159,0
16,PUNTO - 13,439.109,354.601,100.324,30 ABRIL 2016,3.159,0
16,PUNTO - 14,448.973,355.751,100.313,30 ABRIL 2016,3.159,0
16,PUNTO - 15,458.351,358.967,100.309,30 ABRIL 2016,3.159,0
16,PUNTO - 16,466.863,364.115,100.3,30 ABRIL 2016,3.159,0
16,PUNTO - 17,474.076,370.965,100.295,30 ABRIL 2016,3.159,0
16,PUNTO - 18,479.664,379.189,100.291,30 ABRIL 2016,3.159,0
16,PUNTO - 19,483.345,388.429,100.295,30 ABRIL 2016,3.159,0
16,PUNTO - 20,484.997,398.202,100.306,30 ABRIL 2016,3.159,0
16,PUNTO - 21,484.5,408.267,100.317,30 ABRIL 2016,3.159,0
16,PUNTO - 22,482.093,417.911,100.306,30 ABRIL 2016,3.159,0
16,PUNTO - 23,477.404,426.591,100.293,30 ABRIL 2016,3.159,0
16,PUNTO - 24,471.084,434.24,100.292,30 ABRIL 2016,3.159,0
16,PUNTO - 25,463.243,440.384,100.294,30 ABRIL 2016,3.159,0
16,PUNTO - 26,454.269,444.712,100.289,30 ABRIL 2016,3.159,0
16,PUNTO - 27,444.894,446.971,100.286,30 ABRIL 2016,3.159,0
16,PUNTO - 28,434.973,447.213,100.287,30 ABRIL 2016,3.159,0
16,PUNTO - 29,425.225,445.373,100.295,30 ABRIL 2016,3.159,0
16,PUNTO - 30,416.08,441.5,100.309,30 ABRIL 2016,3.159,0
17,PUNTO - 1 = 127º,410.572,437.928,100.322,07 JUNIO 2016,2.031,0
17,PUNTO - 2,403.36,431.074,100.333,07 JUNIO 2016,2.031,0
17,PUNTO - 3,397.761,422.842,100.34,07 JUNIO 2016,2.031,0
17,PUNTO - 4,394.055,413.624,100.343,07 JUNIO 2016,2.031,0
17,PUNTO - 5,392.38,403.843,100.342,07 JUNIO 2016,2.031,0
17,PUNTO - 6,392.836,393.921,100.321,07 JUNIO 2016,2.031,0
17,PUNTO - 7,395.404,384.327,100.301,07 JUNIO 2016,2.031,0
17,PUNTO - 8,399.964,375.497,100.293,07 JUNIO 2016,2.031,0
17,PUNTO - 9,406.375,367.719,100.309,07 JUNIO 2016,2.031,0
17,PUNTO - 10,411.155,363.657,100.317,07 JUNIO 2016,2.031,0
17,PUNTO - 11,419.736,358.648,100.341,07 JUNIO 2016,2.031,0
17,PUNTO - 12,429.184,355.582,100.338,07 JUNIO 2016,2.031,0
17,PUNTO - 13,439.112,354.602,100.327,07 JUNIO 2016,2.031,0
17,PUNTO - 14,448.976,355.751,100.316,07 JUNIO 2016,2.031,0
17,PUNTO - 15,458.354,358.966,100.312,07 JUNIO 2016,2.031,0
17,PUNTO - 16,466.867,364.114,100.303,07 JUNIO 2016,2.031,0
17,PUNTO - 17,474.076,370.963,100.298,07 JUNIO 2016,2.031,0
17,PUNTO - 18,479.666,379.188,100.293,07 JUNIO 2016,2.031,0
17,PUNTO - 19,483.347,388.427,100.298,07 JUNIO 2016,2.031,0
17,PUNTO - 20,484.998,398.201,100.309,07 JUNIO 2016,2.031,0
17,PUNTO - 21,484.503,408.266,100.32,07 JUNIO 2016,2.031,0
17,PUNTO - 22,482.096,417.912,100.309,07 JUNIO 2016,2.031,0
17,PUNTO - 23,477.407,426.59,100.294,07 JUNIO 2016,2.031,0
17,PUNTO - 24,471.085,434.24,100.295,07 JUNIO 2016,2.031,0
17,PUNTO - 25,463.244,440.384,100.297,07 JUNIO 2016,2.031,0
17,PUNTO - 26,454.271,444.711,100.292,07 JUNIO 2016,2.031,0
17,PUNTO - 27,444.895,446.97,100.289,07 JUNIO 2016,2.031,0
17,PUNTO - 28,434.974,447.21,100.29,07 JUNIO 2016,2.031,0
17,PUNTO - 29,425.226,445.373,100.299,07 JUNIO 2016,2.031,0
17,PUNTO - 30,416.08,441.499,100.312,07 JUNIO 2016,2.031,0
18,PUNTO - 1 = 127º,410.573,437.928,100.321,01 FEBRERO 2017,3.671,0
18,PUNTO - 2,403.363,431.075,100.332,01 FEBRERO 2017,3.671,0
18,PUNTO - 3,397.762,422.842,100.339,01 FEBRERO 2017,3.671,0
18,PUNTO - 4,394.058,413.623,100.343,01 FEBRERO 2017,3.671,0
18,PUNTO - 5,392.381,403.842,100.341,01 FEBRERO 2017,3.671,0
18,PUNTO - 6,392.833,393.92,100.318,01 FEBRERO 2017,3.671,0
18,PUNTO - 7,395.401,384.325,100.299,01 FEBRERO 2017,3.671,0
18,PUNTO - 8,399.962,375.495,100.291,01 FEBRERO 2017,3.671,0
18,PUNTO - 9,406.373,367.719,100.304,01 FEBRERO 2017,3.671,0
18,PUNTO - 10,411.154,363.658,100.314,01 FEBRERO 2017,3.671,0
18,PUNTO - 11,419.736,358.65,100.338,01 FEBRERO 2017,3.671,0
18,PUNTO - 12,429.183,355.579,100.334,01 FEBRERO 2017,3.671,0
18,PUNTO - 13,439.11,354.599,100.324,01 FEBRERO 2017,3.671,0
18,PUNTO - 14,448.975,355.749,100.312,01 FEBRERO 2017,3.671,0
18,PUNTO - 15,458.353,358.965,100.309,01 FEBRERO 2017,3.671,0
18,PUNTO - 16,466.865,364.113,100.3,01 FEBRERO 2017,3.671,0
18,PUNTO - 17,474.075,370.963,100.293,01 FEBRERO 2017,3.671,0
18,PUNTO - 18,479.665,379.186,100.289,01 FEBRERO 2017,3.671,0
18,PUNTO - 19,483.346,388.427,100.294,01 FEBRERO 2017,3.671,0
18,PUNTO - 20,484.998,398.2,100.305,01 FEBRERO 2017,3.671,0
18,PUNTO - 21,484.502,408.265,100.317,01 FEBRERO 2017,3.671,0
18,PUNTO - 22,482.095,417.911,100.304,01 FEBRERO 2017,3.671,0
18,PUNTO - 23,477.407,426.589,100.29,01 FEBRERO 2017,3.671,0
18,PUNTO - 24,471.088,434.24,100.29,01 FEBRERO 2017,3.671,0
18,PUNTO - 25,463.248,440.384,100.291,01 FEBRERO 2017,3.671,0
18,PUNTO - 26,454.274,444.712,100.286,01 FEBRERO 2017,3.671,0
18,PUNTO - 27,444.899,446.971,100.284,01 FEBRERO 2017,3.671,0
18,PUNTO - 28,434.978,447.212,100.285,01 FEBRERO 2017,3.671,0
18,PUNTO - 29,425.227,445.373,100.294,01 FEBRERO 2017,3.671,0
18,PUNTO - 30,416.081,441.499,100.308,01 FEBRERO 2017,3.671,0
20,PUNTO - 1 = 127º,410.573,437.928,100.321,14 DE JUNIO 2019,2.389,0
20,PUNTO - 2,403.362,431.074,100.336,14 DE JUNIO 2019,2.389,0
20,PUNTO - 3,397.762,422.842,100.34,14 DE JUNIO 2019,2.389,0
20,PUNTO - 4,394.058,413.622,100.346,14 DE JUNIO 2019,2.389,0
20,PUNTO - 5,392.382,403.841,100.343,14 DE JUNIO 2019,2.389,0
20,PUNTO - 6,392.835,393.919,100.319,14 DE JUNIO 2019,2.389,0
20,PUNTO - 7,395.403,384.324,100.299,14 DE JUNIO 2019,2.389,0
20,PUNTO - 8,399.963,375.493,100.292,14 DE JUNIO 2019,2.389,0
20,PUNTO - 9,406.374,367.716,100.305,14 DE JUNIO 2019,2.389,0
20,PUNTO - 10,411.155,363.655,100.314,14 DE JUNIO 2019,2.389,0
20,PUNTO - 11,419.737,358.647,100.339,14 DE JUNIO 2019,2.389,0
20,PUNTO - 12,429.184,355.584,100.335,14 DE JUNIO 2019,2.389,0
20,PUNTO - 13,439.112,354.604,100.325,14 DE JUNIO 2019,2.389,0
20,PUNTO - 14,448.977,355.753,100.313,14 DE JUNIO 2019,2.389,0
20,PUNTO - 15,458.355,358.968,100.31,14 DE JUNIO 2019,2.389,0
20,PUNTO - 16,466.867,364.116,100.3,14 DE JUNIO 2019,2.389,0
20,PUNTO - 17,474.077,370.967,100.294,14 DE JUNIO 2019,2.389,0
20,PUNTO - 18,479.665,379.189,100.29,14 DE JUNIO 2019,2.389,0
20,PUNTO - 19,483.347,388.429,100.294,14 DE JUNIO 2019,2.389,0
20,PUNTO - 20,485.0,398.203,100.304,14 DE JUNIO 2019,2.389,0
20,PUNTO - 21,484.503,408.267,100.316,14 DE JUNIO 2019,2.389,0
20,PUNTO - 22,482.095,417.913,100.305,14 DE JUNIO 2019,2.389,0
20,PUNTO - 23,477.406,426.592,100.291,14 DE JUNIO 2019,2.389,0
20,PUNTO - 24,471.083,434.242,100.29,14 DE JUNIO 2019,2.389,0
20,PUNTO - 25,463.243,440.386,100.292,14 DE JUNIO 2019,2.389,0
20,PUNTO - 26,454.269,444.714,100.287,14 DE JUNIO 2019,2.389,0
20,PUNTO - 27,444.893,446.973,100.285,14 DE JUNIO 2019,2.389,0
20,PUNTO - 28,434.975,447.213,100.287,14 DE JUNIO 2019,2.389,0
20,PUNTO - 29,425.227,445.374,100.296,14 DE JUNIO 2019,2.389,0
20,PUNTO - 30,416.081,441.5,100.31,14 DE JUNIO 2019,2.389,0
21,PUNTO - 1 = 127º,410.571,437.929,100.321,03 DE JULIO 2020,4.538,0
21,PUNTO - 2,403.361,431.075,100.334,03 DE JULIO 2020,4.538,0
21,PUNTO - 3,397.761,422.842,100.341,03 DE JULIO 2020,4.538,0
21,PUNTO - 4,394.056,413.623,100.346,03 DE JULIO 2020,4.538,0
21,PUNTO - 5,392.379,403.842,100.343,03 DE JULIO 2020,4.538,0
21,PUNTO - 6,392.832,393.919,100.319,03 DE JULIO 2020,4.538,0
21,PUNTO - 7,395.4,384.324,100.299,03 DE JULIO 2020,4.538,0
21,PUNTO - 8,399.96,375.493,100.291,03 DE JULIO 2020,4.538,0
21,PUNTO - 9,406.372,367.718,100.305,03 DE JULIO 2020,4.538,0
21,PUNTO - 10,411.152,363.657,100.315,03 DE JULIO 2020,4.538,0
21,PUNTO - 11,419.734,358.648,100.34,03 DE JULIO 2020,4.538,0
21,PUNTO - 12,429.184,355.582,100.336,03 DE JULIO 2020,4.538,0
21,PUNTO - 13,439.111,354.603,100.326,03 DE JULIO 2020,4.538,0
21,PUNTO - 14,448.976,355.751,100.314,03 DE JULIO 2020,4.538,0
21,PUNTO - 15,458.354,358.964,100.311,03 DE JULIO 2020,4.538,0
21,PUNTO - 16,466.864,364.112,100.301,03 DE JULIO 2020,4.538,0
21,PUNTO - 17,474.075,370.961,100.295,03 DE JULIO 2020,4.538,0
21,PUNTO - 18,479.666,379.187,100.29,03 DE JULIO 2020,4.538,0
21,PUNTO - 19,483.348,388.427,100.294,03 DE JULIO 2020,4.538,0
21,PUNTO - 20,485.0,398.2,100.304,03 DE JULIO 2020,4.538,0
21,PUNTO - 21,484.505,408.266,100.317,03 DE JULIO 2020,4.538,0
21,PUNTO - 22,482.095,417.911,100.306,03 DE JULIO 2020,4.538,0
21,PUNTO - 23,477.407,426.589,100.291,03 DE JULIO 2020,4.538,0
21,PUNTO - 24,471.086,434.239,100.291,03 DE JULIO 2020,4.538,0
21,PUNTO - 25,463.244,440.383,100.293,03 DE JULIO 2020,4.538,0
21,PUNTO - 26,454.27,444.711,100.288,03 DE JULIO 2020,4.538,0
21,PUNTO - 27,444.895,446.97,100.286,03 DE JULIO 2020,4.538,0
21,PUNTO - 28,434.973,447.211,100.287,03 DE JULIO 2020,4.538,0
21,PUNTO - 29,425.224,445.373,100.297,03 DE JULIO 2020,4.538,0
21,PUNTO - 30,416.08,441.5,100.31,03 DE JULIO 2020,4.538,0
23,PUNTO - 1 = 127º,410.572,437.927,100.321,02 SEPT. 2020,2.723,0
23,PUNTO - 2,403.361,431.073,100.333,02 SEPT. 2020,2.723,0
23,PUNTO - 3,397.76,422.84,100.34,02 SEPT. 2020,2.723,0
23,PUNTO - 4,394.056,413.622,100.346,02 SEPT. 2020,2.723,0
23,PUNTO - 5,392.378,403.84,100.342,02 SEPT. 2020,2.723,0
23,PUNTO - 6,392.833,393.918,100.318,02 SEPT. 2020,2.723,0
23,PUNTO - 7,395.4,384.324,100.299,02 SEPT. 2020,2.723,0
23,PUNTO - 8,399.96,375.494,100.29,02 SEPT. 2020,2.723,0
23,PUNTO - 9,406.371,367.716,100.307,02 SEPT. 2020,2.723,0
23,PUNTO - 10,411.152,363.655,100.316,02 SEPT. 2020,2.723,0
23,PUNTO - 11,419.734,358.647,100.34,02 SEPT. 2020,2.723,0
23,PUNTO - 12,429.185,355.579,100.337,02 SEPT. 2020,2.723,0
23,PUNTO - 13,439.112,354.597,100.327,02 SEPT. 2020,2.723,0
23,PUNTO - 14,448.977,355.747,100.315,02 SEPT. 2020,2.723,0
23,PUNTO - 15,458.356,358.962,100.31,02 SEPT. 2020,2.723,0
23,PUNTO - 16,466.868,364.109,100.301,02 SEPT. 2020,2.723,0
23,PUNTO - 17,474.079,370.959,100.295,02 SEPT. 2020,2.723,0
23,PUNTO - 18,479.668,379.184,100.29,02 SEPT. 2020,2.723,0
23,PUNTO - 19,483.349,388.425,100.295,02 SEPT. 2020,2.723,0
23,PUNTO - 20,485.001,398.198,100.304,02 SEPT. 2020,2.723,0
23,PUNTO - 21,484.507,408.264,100.316,02 SEPT. 2020,2.723,0
23,PUNTO - 22,482.098,417.909,100.306,02 SEPT. 2020,2.723,0
23,PUNTO - 23,477.409,426.588,100.291,02 SEPT. 2020,2.723,0
23,PUNTO - 24,471.088,434.238,100.291,02 SEPT. 2020,2.723,0
23,PUNTO - 25,463.248,440.382,100.293,02 SEPT. 2020,2.723,0
23,PUNTO - 26,454.274,444.711,100.288,02 SEPT. 2020,2.723,0
23,PUNTO - 27,444.898,446.97,100.286,02 SEPT. 2020,2.723,0
23,PUNTO - 28,434.974,447.21,100.288,02 SEPT. 2020,2.723,0
23,PUNTO - 29,425.226,445.373,100.297,02 SEPT. 2020,2.723,0
23,PUNTO - 30,416.08,441.498,100.309,02 SEPT. 2020,2.723,0
24,PUNTO - 1 = 127º,410.57,437.925,100.322,18 Diciembre 2020,2.685,0
24,PUNTO - 2,403.36,431.071,100.333,18 Diciembre 2020,2.685,0
24,PUNTO - 3,397.758,422.838,100.341,18 Diciembre 2020,2.685,0
24,PUNTO - 4,394.055,413.619,100.346,18 Diciembre 2020,2.685,0
24,PUNTO - 5,392.378,403.838,100.343,18 Diciembre 2020,2.685,0
24,PUNTO - 6,392.831,393.916,100.32,18 Diciembre 2020,2.685,0
24,PUNTO - 7,395.397,384.321,100.3,18 Diciembre 2020,2.685,0
24,PUNTO - 8,399.958,375.491,100.292,18 Diciembre 2020,2.685,0
24,PUNTO - 9,406.369,367.714,100.304,18 Diciembre 2020,2.685,0
24,PUNTO - 10,411.15,363.653,100.313,18 Diciembre 2020,2.685,0
24,PUNTO - 11,419.732,358.645,100.337,18 Diciembre 2020,2.685,0
24,PUNTO - 12,429.18,355.577,100.334,18 Diciembre 2020,2.685,0
24,PUNTO - 13,439.108,354.596,100.324,18 Diciembre 2020,2.685,0
24,PUNTO - 14,448.973,355.745,100.312,18 Diciembre 2020,2.685,0
24,PUNTO - 15,458.351,358.961,100.307,18 Diciembre 2020,2.685,0
24,PUNTO - 16,466.863,364.108,100.297,18 Diciembre 2020,2.685,0
24,PUNTO - 17,474.073,370.958,100.292,18 Diciembre 2020,2.685,0
24,PUNTO - 18,479.663,379.183,100.288,18 Diciembre 2020,2.685,0
24,PUNTO - 19,483.344,388.423,100.292,18 Diciembre 2020,2.685,0
24,PUNTO - 20,484.999,398.196,100.302,18 Diciembre 2020,2.685,0
24,PUNTO - 21,484.503,408.261,100.313,18 Diciembre 2020,2.685,0
24,PUNTO - 22,482.093,417.906,100.302,18 Diciembre 2020,2.685,0
24,PUNTO - 23,477.405,426.584,100.289,18 Diciembre 2020,2.685,0
24,PUNTO - 24,471.083,434.235,100.288,18 Diciembre 2020,2.685,0
24,PUNTO - 25,463.242,440.379,100.289,18 Diciembre 2020,2.685,0
24,PUNTO - 26,454.268,444.708,100.281,18 Diciembre 2020,2.685,0
24,PUNTO - 27,444.893,446.968,100.282,18 Diciembre 2020,2.685,0
24,PUNTO - 28,434.973,447.208,100.284,18 Diciembre 2020,2.685,0
24,PUNTO - 29,425.225,445.37,100.294,18 Diciembre 2020,2.685,0
24,PUNTO - 30,416.079,441.496,100.308,18 Diciembre 2020,2.685,0
25,PUNTO - 1 = 127º,410.574,437.929,100.324,02 Agosto 2021,2.289,0
25,PUNTO - 2,403.363,431.075,100.336,02 Agosto 2021,2.289,0
25,PUNTO - 3,397.762,422.842,100.344,02 Agosto 2021,2.289,0
25,PUNTO - 4,394.058,413.623,100.347,02 Agosto 2021,2.289,0
25,PUNTO - 5,392.38,403.842,100.346,02 Agosto 2021,2.289,0
25,PUNTO - 6,392.835,393.92,100.321,02 Agosto 2021,2.289,0
25,PUNTO - 7,395.402,384.324,100.3,02 Agosto 2021,2.289,0
25,PUNTO - 8,399.962,375.494,100.294,02 Agosto 2021,2.289,0
25,PUNTO - 9,406.373,367.717,100.307,02 Agosto 2021,2.289,0
25,PUNTO - 10,411.154,363.656,100.317,02 Agosto 2021,2.289,0
25,PUNTO - 11,419.736,358.649,100.341,02 Agosto 2021,2.289,0
25,PUNTO - 12,429.184,355.584,100.339,02 Agosto 2021,2.289,0
25,PUNTO - 13,439.112,354.604,100.329,02 Agosto 2021,2.289,0
25,PUNTO - 14,448.977,355.753,100.317,02 Agosto 2021,2.289,0
25,PUNTO - 15,458.356,358.968,100.311,02 Agosto 2021,2.289,0
25,PUNTO - 16,466.868,364.113,100.301,02 Agosto 2021,2.289,0
25,PUNTO - 17,474.079,370.963,100.296,02 Agosto 2021,2.289,0
25,PUNTO - 18,479.667,379.191,100.291,02 Agosto 2021,2.289,0
25,PUNTO - 19,483.348,388.431,100.295,02 Agosto 2021,2.289,0
25,PUNTO - 20,485.002,398.205,100.306,02 Agosto 2021,2.289,0
25,PUNTO - 21,484.504,408.27,100.317,02 Agosto 2021,2.289,0
25,PUNTO - 22,482.097,417.915,100.306,02 Agosto 2021,2.289,0
25,PUNTO - 23,477.408,426.594,100.291,02 Agosto 2021,2.289,0
25,PUNTO - 24,471.085,434.244,100.29,02 Agosto 2021,2.289,0
25,PUNTO - 25,463.244,440.389,100.292,02 Agosto 2021,2.289,0
25,PUNTO - 26,454.27,444.717,100.287,02 Agosto 2021,2.289,0
25,PUNTO - 27,444.895,446.977,100.285,02 Agosto 2021,2.289,0
25,PUNTO - 28,434.976,447.213,100.286,02 Agosto 2021,2.289,0
25,PUNTO - 29,425.227,445.374,100.296,02 Agosto 2021,2.289,0
25,PUNTO - 30,416.081,441.5,100.311,02 Agosto 2021,2.289,0
26,PUNTO - 1 = 127º,410.573,437.932,100.321,05 de Abril 2022,2.765,0
26,PUNTO - 2,403.363,431.077,100.336,05 de Abril 2022,2.765,0
26,PUNTO - 3,397.762,422.845,100.343,05 de Abril 2022,2.765,0
26,PUNTO - 4,394.059,413.625,100.348,05 de Abril 2022,2.765,0
26,PUNTO - 5,392.382,403.844,100.346,05 de Abril 2022,2.765,0
26,PUNTO - 6,392.834,393.921,100.319,05 de Abril 2022,2.765,0
26,PUNTO - 7,395.401,384.325,100.299,05 de Abril 2022,2.765,0
26,PUNTO - 8,399.962,375.495,100.29,05 de Abril 2022,2.765,0
26,PUNTO - 9,406.372,367.718,100.305,05 de Abril 2022,2.765,0
26,PUNTO - 10,411.154,363.657,100.315,05 de Abril 2022,2.765,0
26,PUNTO - 11,419.736,358.65,100.34,05 de Abril 2022,2.765,0
26,PUNTO - 12,429.183,355.581,100.338,05 de Abril 2022,2.765,0
26,PUNTO - 13,439.11,354.601,100.328,05 de Abril 2022,2.765,0
26,PUNTO - 14,448.976,355.75,100.316,05 de Abril 2022,2.765,0
26,PUNTO - 15,458.355,358.966,100.31,05 de Abril 2022,2.765,0
26,PUNTO - 16,466.868,364.112,100.299,05 de Abril 2022,2.765,0
26,PUNTO - 17,474.078,370.964,100.293,05 de Abril 2022,2.765,0
26,PUNTO - 18,479.667,379.188,100.288,05 de Abril 2022,2.765,0
26,PUNTO - 19,483.349,388.426,100.293,05 de Abril 2022,2.765,0
26,PUNTO - 20,485.001,398.2,100.304,05 de Abril 2022,2.765,0
26,PUNTO - 21,484.505,408.264,100.315,05 de Abril 2022,2.765,0
26,PUNTO - 22,482.094,417.909,100.303,05 de Abril 2022,2.765,0
26,PUNTO - 23,477.407,426.59,100.289,05 de Abril 2022,2.765,0
26,PUNTO - 24,471.087,434.241,100.289,05 de Abril 2022,2.765,0
26,PUNTO - 25,463.247,440.385,100.291,05 de Abril 2022,2.765,0
26,PUNTO - 26,454.273,444.714,100.287,05 de Abril 2022,2.765,0
26,PUNTO - 27,444.898,446.973,100.284,05 de Abril 2022,2.765,0
26,PUNTO - 28,434.975,447.216,100.285,05 de Abril 2022,2.765,0
26,PUNTO - 29,425.227,445.377,100.294,05 de Abril 2022,2.765,0
26,PUNTO - 30,416.081,441.504,100.309,05 de Abril 2022,2.765,0
27,PUNTO - 1 = 127º,410.574,437.931,100.32,28 de Julio 2022,2.709,0
27,PUNTO - 2,403.363,431.077,100.334,28 de Julio 2022,2.709,0
27,PUNTO - 3,397.763,422.844,100.342,28 de Julio 2022,2.709,0
27,PUNTO - 4,394.058,413.623,100.346,28 de Julio 2022,2.709,0
27,PUNTO - 5,392.381,403.843,100.344,28 de Julio 2022,2.709,0
27,PUNTO - 6,392.838,393.922,100.296,28 de Julio 2022,2.709,0
27,PUNTO - 7,395.406,384.328,100.296,28 de Julio 2022,2.709,0
27,PUNTO - 8,399.967,375.497,100.287,28 de Julio 2022,2.709,0
27,PUNTO - 9,406.377,367.723,100.302,28 de Julio 2022,2.709,0
27,PUNTO - 10,411.158,363.662,100.311,28 de Julio 2022,2.709,0
27,PUNTO - 11,419.739,358.652,100.338,28 de Julio 2022,2.709,0
27,PUNTO - 12,429.189,355.585,100.334,28 de Julio 2022,2.709,0
27,PUNTO - 13,439.117,354.604,100.324,28 de Julio 2022,2.709,0
27,PUNTO - 14,448.982,355.753,100.312,28 de Julio 2022,2.709,0
27,PUNTO - 15,458.361,358.968,100.307,28 de Julio 2022,2.709,0
27,PUNTO - 16,466.872,364.112,100.296,28 de Julio 2022,2.709,0
27,PUNTO - 17,474.084,370.967,100.291,28 de Julio 2022,2.709,0
27,PUNTO - 18,479.672,379.188,100.287,28 de Julio 2022,2.709,0
27,PUNTO - 19,483.353,388.429,100.292,28 de Julio 2022,2.709,0
27,PUNTO - 20,485.007,398.202,100.302,28 de Julio 2022,2.709,0
27,PUNTO - 21,484.511,408.266,100.313,28 de Julio 2022,2.709,0
27,PUNTO - 22,482.102,417.914,100.301,28 de Julio 2022,2.709,0
27,PUNTO - 23,477.413,426.592,100.287,28 de Julio 2022,2.709,0
27,PUNTO - 24,471.092,434.246,100.287,28 de Julio 2022,2.709,0
27,PUNTO - 25,463.253,440.391,100.288,28 de Julio 2022,2.709,0
27,PUNTO - 26,454.278,444.72,100.284,28 de Julio 2022,2.709,0
27,PUNTO - 27,444.904,446.979,100.281,28 de Julio 2022,2.709,0
27,PUNTO - 28,434.976,447.212,100.283,28 de Julio 2022,2.709,0
27,PUNTO - 29,425.228,445.375,100.292,28 de Julio 2022,2.709,0
27,PUNTO - 30,416.082,441.502,100.307,28 de Julio 2022,2.709,0
28,PUNTO - 1 = 127º,410.577,437.922,100.319,16 de Marzo 2023,2.923,0
28,PUNTO - 2,403.366,431.069,100.322,16 de Marzo 2023,2.923,0
28,PUNTO - 3,397.765,422.837,100.34,16 de Marzo 2023,2.923,0
28,PUNTO - 4,394.063,413.618,100.345,16 de Marzo 2023,2.923,0
28,PUNTO - 5,392.386,403.838,100.341,16 de Marzo 2023,2.923,0
28,PUNTO - 6,392.837,393.916,100.317,16 de Marzo 2023,2.923,0
28,PUNTO - 7,395.403,384.321,100.295,16 de Marzo 2023,2.923,0
28,PUNTO - 8,399.962,375.492,100.301,16 de Marzo 2023,2.923,0
28,PUNTO - 9,406.375,367.714,100.31,16 de Marzo 2023,2.923,0
28,PUNTO - 10,411.154,363.653,100.299,16 de Marzo 2023,2.923,0
28,PUNTO - 11,419.736,358.646,100.335,16 de Marzo 2023,2.923,0
28,PUNTO - 12,429.186,355.578,100.333,16 de Marzo 2023,2.923,0
28,PUNTO - 13,439.111,354.598,100.323,16 de Marzo 2023,2.923,0
28,PUNTO - 14,448.977,355.744,100.311,16 de Marzo 2023,2.923,0
28,PUNTO - 15,458.355,358.959,100.306,16 de Marzo 2023,2.923,0
28,PUNTO - 16,466.867,364.105,100.296,16 de Marzo 2023,2.923,0
28,PUNTO - 17,474.075,370.959,100.293,16 de Marzo 2023,2.923,0
28,PUNTO - 18,479.667,379.183,100.289,16 de Marzo 2023,2.923,0
28,PUNTO - 19,483.349,388.424,100.294,16 de Marzo 2023,2.923,0
28,PUNTO - 20,485.002,398.197,100.302,16 de Marzo 2023,2.923,0
28,PUNTO - 21,484.51,408.261,100.326,16 de Marzo 2023,2.923,0
28,PUNTO - 22,482.101,417.906,100.3,16 de Marzo 2023,2.923,0
28,PUNTO - 23,477.414,426.584,100.287,16 de Marzo 2023,2.923,0
28,PUNTO - 24,471.089,434.232,100.286,16 de Marzo 2023,2.923,0
28,PUNTO - 25,463.249,440.377,100.288,16 de Marzo 2023,2.923,0
28,PUNTO - 26,454.277,444.706,100.284,16 de Marzo 2023,2.923,0
28,PUNTO - 27,444.902,446.968,100.281,16 de Marzo 2023,2.923,0
28,PUNTO - 28,434.979,447.202,100.282,16 de Marzo 2023,2.923,0
28,PUNTO - 29,425.23,445.364,100.292,16 de Marzo 2023,2.923,0
28,PUNTO - 30,416.085,441.492,100.306,16 de Marzo 2023,2.923,0
31,PUNTO - 1 = 127º,410.571,437.932,100.323,16 de Marzo 2024,2.738,0
31,PUNTO - 2,403.36,431.076,100.337,16 de Marzo 2024,2.738,0
31,PUNTO - 3,397.762,422.842,100.345,16 de Marzo 2024,2.738,0
31,PUNTO - 4,394.059,413.623,100.349,16 de Marzo 2024,2.738,0
31,PUNTO - 5,392.382,403.841,100.346,16 de Marzo 2024,2.738,0
31,PUNTO - 6,392.837,393.921,100.32,16 de Marzo 2024,2.738,0
31,PUNTO - 7,395.404,384.321,100.299,16 de Marzo 2024,2.738,0
31,PUNTO - 8,399.964,375.489,100.292,16 de Marzo 2024,2.738,0
31,PUNTO - 9,406.375,367.712,100.307,16 de Marzo 2024,2.738,0
31,PUNTO - 10,411.155,363.649,100.316,16 de Marzo 2024,2.738,0
31,PUNTO - 11,419.738,358.642,100.341,16 de Marzo 2024,2.738,0
31,PUNTO - 12,429.189,355.578,100.338,16 de Marzo 2024,2.738,0
31,PUNTO - 13,439.117,354.597,100.329,16 de Marzo 2024,2.738,0
31,PUNTO - 14,448.98,355.746,100.318,16 de Marzo 2024,2.738,0
31,PUNTO - 15,458.359,358.962,100.312,16 de Marzo 2024,2.738,0
31,PUNTO - 16,466.872,364.108,100.303,16 de Marzo 2024,2.738,0
31,PUNTO - 17,474.076,370.958,100.297,16 de Marzo 2024,2.738,0
31,PUNTO - 18,479.675,379.188,100.294,16 de Marzo 2024,2.738,0
31,PUNTO - 19,483.351,388.427,100.297,16 de Marzo 2024,2.738,0
31,PUNTO - 20,485.008,398.2,100.306,16 de Marzo 2024,2.738,0
31,PUNTO - 21,484.512,408.264,100.316,16 de Marzo 2024,2.738,0
31,PUNTO - 22,482.101,417.91,100.304,16 de Marzo 2024,2.738,0
31,PUNTO - 23,477.413,426.588,100.292,16 de Marzo 2024,2.738,0
31,PUNTO - 24,471.093,434.242,100.289,16 de Marzo 2024,2.738,0
31,PUNTO - 25,463.252,440.387,100.291,16 de Marzo 2024,2.738,0
31,PUNTO - 26,454.279,444.715,100.285,16 de Marzo 2024,2.738,0
31,PUNTO - 27,444.903,446.976,100.283,16 de Marzo 2024,2.738,0
31,PUNTO - 28,434.979,447.22,100.285,16 de Marzo 2024,2.738,0
31,PUNTO - 29,425.23,445.378,100.295,16 de Marzo 2024,2.738,0
31,PUNTO - 30,416.0768,441.507,100.309,16 de Marzo 2024,2.738,0
32,PUNTO - 1 = 127º,410.575,437.934,100.323,10 DE FEBRERO 2025,2.604,0
32,PUNTO - 2,403.365,431.079,100.337,10 DE FEBRERO 2025,2.604,0
32,PUNTO - 3,397.763,422.846,100.344,10 DE FEBRERO 2025,2.604,0
32,PUNTO - 4,394.06,413.627,100.349,10 DE FEBRERO 2025,2.604,0
32,PUNTO - 5,392.384,403.845,100.346,10 DE FEBRERO 2025,2.604,0
32,PUNTO - 6,392.835,393.92,100.32,10 DE FEBRERO 2025,2.604,0
32,PUNTO - 7,395.402,384.325,100.299,10 DE FEBRERO 2025,2.604,0
32,PUNTO - 8,399.963,375.495,100.292,10 DE FEBRERO 2025,2.604,0
32,PUNTO - 9,406.375,367.719,100.306,10 DE FEBRERO 2025,2.604,0
32,PUNTO - 10,411.155,363.656,100.315,10 DE FEBRERO 2025,2.604,0
32,PUNTO - 11,419.738,358.649,100.34,10 DE FEBRERO 2025,2.604,0
32,PUNTO - 12,429.189,355.586,100.337,10 DE FEBRERO 2025,2.604,0
32,PUNTO - 13,439.115,354.607,100.328,10 DE FEBRERO 2025,2.604,0
32,PUNTO - 14,448.981,355.757,100.317,10 DE FEBRERO 2025,2.604,0
32,PUNTO - 15,458.359,358.972,100.312,10 DE FEBRERO 2025,2.604,0
32,PUNTO - 16,466.874,364.116,100.303,10 DE FEBRERO 2025,2.604,0
32,PUNTO - 17,474.086,370.966,100.298,10 DE FEBRERO 2025,2.604,0
32,PUNTO - 18,479.665,379.196,100.294,10 DE FEBRERO 2025,2.604,0
32,PUNTO - 19,483.346,388.435,100.298,10 DE FEBRERO 2025,2.604,0
32,PUNTO - 20,485.001,398.208,100.307,10 DE FEBRERO 2025,2.604,0
32,PUNTO - 21,484.505,408.273,100.317,10 DE FEBRERO 2025,2.604,0
32,PUNTO - 22,482.096,417.919,100.304,10 DE FEBRERO 2025,2.604,0
32,PUNTO - 23,477.407,426.598,100.291,10 DE FEBRERO 2025,2.604,0
32,PUNTO - 24,471.086,434.246,100.289,10 DE FEBRERO 2025,2.604,0
32,PUNTO - 25,463.245,440.39,100.291,10 DE FEBRERO 2025,2.604,0
32,PUNTO - 26,454.271,444.719,100.285,10 DE FEBRERO 2025,2.604,0
32,PUNTO - 27,444.896,446.977,100.282,10 DE FEBRERO 2025,2.604,0
32,PUNTO - 28,434.977,447.22,100.284,10 DE FEBRERO 2025,2.604,0
32,PUNTO - 29,425.229,445.38,100.294,10 DE FEBRERO 2025,2.604,0
32,PUNTO - 30,416.083,441.506,100.309,10 DE FEBRERO 2025,2.604,0
34,PUNTO - 1 = 127º,410.572,437.929,100.321,14 DE AGOSTO 2025,2.704,0
34,PUNTO - 2,403.362,431.075,100.335,14 DE AGOSTO 2025,2.704,0
34,PUNTO - 3,397.76,422.842,100.344,14 DE AGOSTO 2025,2.704,0
34,PUNTO - 4,394.056,413.622,100.348,14 DE AGOSTO 2025,2.704,0
34,PUNTO - 5,392.379,403.841,100.344,14 DE AGOSTO 2025,2.704,0
34,PUNTO - 6,392.832,393.919,100.319,14 DE AGOSTO 2025,2.704,0
34,PUNTO - 7,395.399,384.324,100.298,14 DE AGOSTO 2025,2.704,0
34,PUNTO - 8,399.959,375.492,100.291,14 DE AGOSTO 2025,2.704,0
34,PUNTO - 9,406.37,367.715,100.304,14 DE AGOSTO 2025,2.704,0
34,PUNTO - 10,411.152,363.655,100.313,14 DE AGOSTO 2025,2.704,0
34,PUNTO - 11,419.734,358.647,100.339,14 DE AGOSTO 2025,2.704,0
34,PUNTO - 12,429.183,355.578,100.336,14 DE AGOSTO 2025,2.704,0
34,PUNTO - 13,439.113,354.599,100.327,14 DE AGOSTO 2025,2.704,0
34,PUNTO - 14,448.976,355.746,100.316,14 DE AGOSTO 2025,2.704,0
34,PUNTO - 15,458.355,358.962,100.311,14 DE AGOSTO 2025,2.704,0
34,PUNTO - 16,466.867,364.106,100.321,14 DE AGOSTO 2025,2.704,0
34,PUNTO - 17,474.079,370.962,100.295,14 DE AGOSTO 2025,2.704,0
34,PUNTO - 18,479.665,379.184,100.292,14 DE AGOSTO 2025,2.704,0
34,PUNTO - 19,483.348,388.424,100.296,14 DE AGOSTO 2025,2.704,0
34,PUNTO - 20,484.998,398.197,100.305,14 DE AGOSTO 2025,2.704,0
34,PUNTO - 21,484.504,408.263,100.315,14 DE AGOSTO 2025,2.704,0
34,PUNTO - 22,482.096,417.907,100.302,14 DE AGOSTO 2025,2.704,0
34,PUNTO - 23,477.408,426.587,100.288,14 DE AGOSTO 2025,2.704,0
34,PUNTO - 24,471.088,434.238,100.288,14 DE AGOSTO 2025,2.704,0
34,PUNTO - 25,463.248,440.382,100.289,14 DE AGOSTO 2025,2.704,0
34,PUNTO - 26,454.274,444.711,100.284,14 DE AGOSTO 2025,2.704,0
34,PUNTO - 27,444.898,446.972,100.281,14 DE AGOSTO 2025,2.704,0
34,PUNTO - 28,434.975,447.212,100.283,14 DE AGOSTO 2025,2.704,0
34,PUNTO - 29,425.226,445.373,100.293,14 DE AGOSTO 2025,2.704,0
34,PUNTO - 30,416.08,441.5,100.308,14 DE AGOSTO 2025,2.704,0
35,PUNTO - 1 = 127º,410.574,437.931,100.323,10 DE MARZO 2026,2.733,0
35,PUNTO - 2,403.364,431.077,100.335,10 DE MARZO 2026,2.733,0
35,PUNTO - 3,397.762,422.844,100.345,10 DE MARZO 2026,2.733,0
35,PUNTO - 4,394.06,413.624,100.348,10 DE MARZO 2026,2.733,0
35,PUNTO - 5,392.382,403.843,100.344,10 DE MARZO 2026,2.733,0
35,PUNTO - 6,392.835,393.919,100.318,10 DE MARZO 2026,2.733,0
35,PUNTO - 7,395.402,384.324,100.296,10 DE MARZO 2026,2.733,0
35,PUNTO - 8,399.962,375.493,100.289,10 DE MARZO 2026,2.733,0
35,PUNTO - 9,406.374,367.717,100.301,10 DE MARZO 2026,2.733,0
35,PUNTO - 10,411.155,363.657,100.316,10 DE MARZO 2026,2.733,0
35,PUNTO - 11,419.74,358.652,100.341,10 DE MARZO 2026,2.733,0
35,PUNTO - 12,429.186,355.583,100.339,10 DE MARZO 2026,2.733,0
35,PUNTO - 13,439.114,354.602,100.33,10 DE MARZO 2026,2.733,0
35,PUNTO - 14,448.978,355.753,100.32,10 DE MARZO 2026,2.733,0
35,PUNTO - 15,458.356,358.969,100.315,10 DE MARZO 2026,2.733,0
35,PUNTO - 16,466.869,364.114,100.305,10 DE MARZO 2026,2.733,0
35,PUNTO - 17,474.08,370.965,100.3,10 DE MARZO 2026,2.733,0
35,PUNTO - 18,479.667,379.193,100.296,10 DE MARZO 2026,2.733,0
35,PUNTO - 19,483.348,388.431,100.3,10 DE MARZO 2026,2.733,0
35,PUNTO - 20,485.002,398.206,100.309,10 DE MARZO 2026,2.733,0
35,PUNTO - 21,484.507,408.27,100.318,10 DE MARZO 2026,2.733,0
35,PUNTO - 22,482.097,417.915,100.307,10 DE MARZO 2026,2.733,0
35,PUNTO - 23,477.408,426.591,100.291,10 DE MARZO 2026,2.733,0
35,PUNTO - 24,471.086,434.245,100.292,10 DE MARZO 2026,2.733,0
35,PUNTO - 25,463.245,440.388,100.293,10 DE MARZO 2026,2.733,0
35,PUNTO - 26,454.271,444.717,100.288,10 DE MARZO 2026,2.733,0
35,PUNTO - 27,444.895,446.978,100.285,10 DE MARZO 2026,2.733,0
35,PUNTO - 28,434.976,447.215,100.287,10 DE MARZO 2026,2.733,0
35,PUNTO - 29,425.228,445.377,100.297,10 DE MARZO 2026,2.733,0
35,PUNTO - 30,416.082,441.503,100.312,10 DE MARZO 2026,2.733,0
1,PUNTO - 1 = 127º,410.571,437.933,100.317,17 de Abril,9.928,1
1,PUNTO - 2,403.361,431.079,100.327,17 de Abril,9.928,1
1,PUNTO - 3,397.76,422.847,100.332,17 de Abril,9.928,1
1,PUNTO - 4,394.057,413.629,100.336,17 de Abril,9.928,1
1,PUNTO - 5,392.381,403.848,100.335,17 de Abril,9.928,1
1,PUNTO - 6,392.837,393.925,100.312,17 de Abril,9.928,1
1,PUNTO - 7,395.405,384.331,100.293,17 de Abril,9.928,1
1,PUNTO - 8,399.967,375.502,100.287,17 de Abril,9.928,1
1,PUNTO - 9,406.377,367.725,100.299,17 de Abril,9.928,1
1,PUNTO - 10,411.157,363.663,100.307,17 de Abril,9.928,1
1,PUNTO - 11,419.738,358.654,100.329,17 de Abril,9.928,1
1,PUNTO - 12,429.184,355.587,100.325,17 de Abril,9.928,1
1,PUNTO - 13,439.111,354.607,100.314,17 de Abril,9.928,1
1,PUNTO - 14,448.976,355.757,100.303,17 de Abril,9.928,1
1,PUNTO - 15,458.354,358.972,100.301,17 de Abril,9.928,1
1,PUNTO - 16,466.864,364.12,100.293,17 de Abril,9.928,1
1,PUNTO - 17,474.075,370.972,100.288,17 de Abril,9.928,1
1,PUNTO - 18,479.663,379.193,100.283,17 de Abril,9.928,1
1,PUNTO - 19,483.344,388.435,100.287,17 de Abril,9.928,1
1,PUNTO - 20,484.995,398.208,100.297,17 de Abril,9.928,1
1,PUNTO - 21,484.498,408.273,100.309,17 de Abril,9.928,1
1,PUNTO - 22,482.09,417.918,100.299,17 de Abril,9.928,1
1,PUNTO - 23,477.402,426.596,100.286,17 de Abril,9.928,1
1,PUNTO - 24,471.082,434.244,100.285,17 de Abril,9.928,1
1,PUNTO - 25,463.241,440.387,100.286,17 de Abril,9.928,1
1,PUNTO - 26,454.267,444.714,100.282,17 de Abril,9.928,1
1,PUNTO - 27,444.893,446.972,100.279,17 de Abril,9.928,1
1,PUNTO - 28,434.972,447.215,100.281,17 de Abril,9.928,1
1,PUNTO - 29,425.224,445.377,100.289,17 de Abril,9.928,1
1,PUNTO - 30,416.079,441.504,100.302,17 de Abril,9.928,1
2,PUNTO - 1 = 127º,410.572,437.931,100.312,23 de Abril,14.697,1
2,PUNTO - 2,403.363,431.077,100.322,23 de Abril,14.697,1
2,PUNTO - 3,397.762,422.845,100.33,23 de Abril,14.697,1
2,PUNTO - 4,394.058,413.627,100.333,23 de Abril,14.697,1
2,PUNTO - 5,392.382,403.847,100.331,23 de Abril,14.697,1
2,PUNTO - 6,392.838,393.925,100.31,23 de Abril,14.697,1
2,PUNTO - 7,395.407,384.332,100.29,23 de Abril,14.697,1
2,PUNTO - 8,399.968,375.502,100.283,23 de Abril,14.697,1
2,PUNTO - 9,406.379,367.727,100.296,23 de Abril,14.697,1
2,PUNTO - 10,411.159,363.665,100.303,23 de Abril,14.697,1
2,PUNTO - 11,419.739,358.655,100.326,23 de Abril,14.697,1
2,PUNTO - 12,429.186,355.585,100.321,23 de Abril,14.697,1
2,PUNTO - 13,439.114,354.605,100.311,23 de Abril,14.697,1
2,PUNTO - 14,448.977,355.755,100.3,23 de Abril,14.697,1
2,PUNTO - 15,458.354,358.969,100.296,23 de Abril,14.697,1
2,PUNTO - 16,466.864,364.117,100.289,23 de Abril,14.697,1
2,PUNTO - 17,474.076,370.97,100.285,23 de Abril,14.697,1
2,PUNTO - 18,479.664,379.189,100.281,23 de Abril,14.697,1
2,PUNTO - 19,483.345,388.431,100.285,23 de Abril,14.697,1
2,PUNTO - 20,484.996,398.205,100.295,23 de Abril,14.697,1
2,PUNTO - 21,484.5,408.269,100.307,23 de Abril,14.697,1
2,PUNTO - 22,482.091,417.914,100.298,23 de Abril,14.697,1
2,PUNTO - 23,477.403,426.592,100.286,23 de Abril,14.697,1
2,PUNTO - 24,471.084,434.244,100.284,23 de Abril,14.697,1
2,PUNTO - 25,463.244,440.387,100.285,23 de Abril,14.697,1
2,PUNTO - 26,454.271,444.715,100.281,23 de Abril,14.697,1
2,PUNTO - 27,444.896,446.974,100.279,23 de Abril,14.697,1
2,PUNTO - 28,434.973,447.212,100.28,23 de Abril,14.697,1
2,PUNTO - 29,425.225,445.375,100.288,23 de Abril,14.697,1
2,PUNTO - 30,416.08,441.502,100.301,23 de Abril,14.697,1
3,PUNTO - 1 = 127º,410.573,437.931,100.311,01 de Mayo,14.697,1
3,PUNTO - 2,403.364,431.078,100.322,01 de Mayo,14.697,1
3,PUNTO - 3,397.763,422.845,100.329,01 de Mayo,14.697,1
3,PUNTO - 4,394.06,413.628,100.332,01 de Mayo,14.697,1
3,PUNTO - 5,392.384,403.847,100.33,01 de Mayo,14.697,1
3,PUNTO - 6,392.839,393.925,100.308,01 de Mayo,14.697,1
3,PUNTO - 7,395.408,384.33,100.288,01 de Mayo,14.697,1
3,PUNTO - 8,399.969,375.502,100.281,01 de Mayo,14.697,1
3,PUNTO - 9,406.379,367.725,100.296,01 de Mayo,14.697,1
3,PUNTO - 10,411.158,363.663,100.304,01 de Mayo,14.697,1
3,PUNTO - 11,419.739,358.655,100.325,01 de Mayo,14.697,1
3,PUNTO - 12,429.185,355.586,100.321,01 de Mayo,14.697,1
3,PUNTO - 13,439.113,354.605,100.311,01 de Mayo,14.697,1
3,PUNTO - 14,448.976,355.754,100.3,01 de Mayo,14.697,1
3,PUNTO - 15,458.355,358.969,100.296,01 de Mayo,14.697,1
3,PUNTO - 16,466.865,364.117,100.288,01 de Mayo,14.697,1
3,PUNTO - 17,474.076,370.967,100.284,01 de Mayo,14.697,1
3,PUNTO - 18,479.665,379.19,100.279,01 de Mayo,14.697,1
3,PUNTO - 19,483.347,388.428,100.283,01 de Mayo,14.697,1
3,PUNTO - 20,484.998,398.202,100.293,01 de Mayo,14.697,1
3,PUNTO - 21,484.501,408.266,100.306,01 de Mayo,14.697,1
3,PUNTO - 22,482.093,417.911,100.297,01 de Mayo,14.697,1
3,PUNTO - 23,477.405,426.588,100.285,01 de Mayo,14.697,1
3,PUNTO - 24,471.087,434.242,100.284,01 de Mayo,14.697,1
3,PUNTO - 25,463.247,440.386,100.285,01 de Mayo,14.697,1
3,PUNTO - 26,454.274,444.713,100.281,01 de Mayo,14.697,1
3,PUNTO - 27,444.899,446.973,100.278,01 de Mayo,14.697,1
3,PUNTO - 28,434.974,447.214,100.279,01 de Mayo,14.697,1
3,PUNTO - 29,425.226,445.376,100.288,01 de Mayo,14.697,1
3,PUNTO - 30,416.081,441.503,100.3,01 de Mayo,14.697,1
4,PUNTO - 1 = 127º,410.573,437.931,100.313,05 de Mayo,16.608,1
4,PUNTO - 2,403.364,431.078,100.323,05 de Mayo,16.608,1
4,PUNTO - 3,397.763,422.845,100.329,05 de Mayo,16.608,1
4,PUNTO - 4,394.059,413.628,100.333,05 de Mayo,16.608,1
4,PUNTO - 5,392.384,403.847,100.33,05 de Mayo,16.608,1
4,PUNTO - 6,392.839,393.926,100.308,05 de Mayo,16.608,1
4,PUNTO - 7,395.408,384.331,100.29,05 de Mayo,16.608,1
4,PUNTO - 8,399.969,375.503,100.284,05 de Mayo,16.608,1
4,PUNTO - 9,406.38,367.727,100.295,05 de Mayo,16.608,1
4,PUNTO - 10,411.16,363.665,100.304,05 de Mayo,16.608,1
4,PUNTO - 11,419.741,358.656,100.326,05 de Mayo,16.608,1
4,PUNTO - 12,429.188,355.586,100.322,05 de Mayo,16.608,1
4,PUNTO - 13,439.113,354.606,100.312,05 de Mayo,16.608,1
4,PUNTO - 14,448.976,355.755,100.301,05 de Mayo,16.608,1
4,PUNTO - 15,458.353,358.97,100.296,05 de Mayo,16.608,1
4,PUNTO - 16,466.865,364.118,100.289,05 de Mayo,16.608,1
4,PUNTO - 17,474.074,370.97,100.286,05 de Mayo,16.608,1
4,PUNTO - 18,479.664,379.192,100.28,05 de Mayo,16.608,1
4,PUNTO - 19,483.345,388.431,100.285,05 de Mayo,16.608,1
4,PUNTO - 20,484.998,398.207,100.294,05 de Mayo,16.608,1
4,PUNTO - 21,484.501,408.268,100.306,05 de Mayo,16.608,1
4,PUNTO - 22,482.093,417.914,100.298,05 de Mayo,16.608,1
4,PUNTO - 23,477.405,426.593,100.286,05 de Mayo,16.608,1
4,PUNTO - 24,471.086,434.243,100.285,05 de Mayo,16.608,1
4,PUNTO - 25,463.246,440.386,100.286,05 de Mayo,16.608,1
4,PUNTO - 26,454.274,444.713,100.281,05 de Mayo,16.608,1
4,PUNTO - 27,444.899,446.973,100.28,05 de Mayo,16.608,1
4,PUNTO - 28,434.973,447.213,100.281,05 de Mayo,16.608,1
4,PUNTO - 29,425.226,445.375,100.289,05 de Mayo,16.608,1
4,PUNTO - 30,416.081,441.503,100.302,05 de Mayo,16.608,1
5,PUNTO - 1 = 127º,410.573,437.931,100.31,07 de Mayo,19.593,1
5,PUNTO - 2,403.363,431.078,100.32,07 de Mayo,19.593,1
5,PUNTO - 3,397.763,422.846,100.326,07 de Mayo,19.593,1
5,PUNTO - 4,394.058,413.628,100.33,07 de Mayo,19.593,1
5,PUNTO - 5,392.384,403.847,100.327,07 de Mayo,19.593,1
5,PUNTO - 6,392.84,393.925,100.305,07 de Mayo,19.593,1
5,PUNTO - 7,395.409,384.332,100.289,07 de Mayo,19.593,1
5,PUNTO - 8,399.969,375.502,100.282,07 de Mayo,19.593,1
5,PUNTO - 9,406.381,367.727,100.291,07 de Mayo,19.593,1
5,PUNTO - 10,411.16,363.665,100.298,07 de Mayo,19.593,1
5,PUNTO - 11,419.741,358.656,100.32,07 de Mayo,19.593,1
5,PUNTO - 12,429.186,355.589,100.316,07 de Mayo,19.593,1
5,PUNTO - 13,439.116,354.609,100.307,07 de Mayo,19.593,1
5,PUNTO - 14,448.978,355.758,100.295,07 de Mayo,19.593,1
5,PUNTO - 15,458.355,358.973,100.291,07 de Mayo,19.593,1
5,PUNTO - 16,466.866,364.12,100.283,07 de Mayo,19.593,1
5,PUNTO - 17,474.076,370.972,100.278,07 de Mayo,19.593,1
5,PUNTO - 18,479.666,379.193,100.273,07 de Mayo,19.593,1
5,PUNTO - 19,483.346,388.432,100.277,07 de Mayo,19.593,1
5,PUNTO - 20,484.998,398.206,100.286,07 de Mayo,19.593,1
5,PUNTO - 21,484.501,408.27,100.299,07 de Mayo,19.593,1
5,PUNTO - 22,482.093,417.914,100.292,07 de Mayo,19.593,1
5,PUNTO - 23,477.405,426.592,100.281,07 de Mayo,19.593,1
5,PUNTO - 24,471.087,434.243,100.281,07 de Mayo,19.593,1
5,PUNTO - 25,463.247,440.387,100.281,07 de Mayo,19.593,1
5,PUNTO - 26,454.274,444.714,100.275,07 de Mayo,19.593,1
5,PUNTO - 27,444.9,446.972,100.274,07 de Mayo,19.593,1
5,PUNTO - 28,434.973,447.213,100.275,07 de Mayo,19.593,1
5,PUNTO - 29,425.225,445.375,100.283,07 de Mayo,19.593,1
5,PUNTO - 30,416.081,441.502,100.296,07 de Mayo,19.593,1
6,PUNTO - 1 = 127º,410.575,437.932,100.309,26 de Junio,19.593,1
6,PUNTO - 2,403.365,431.078,100.319,26 de Junio,19.593,1
6,PUNTO - 3,397.766,422.846,100.326,26 de Junio,19.593,1
6,PUNTO - 4,394.062,413.628,100.329,26 de Junio,19.593,1
6,PUNTO - 5,392.387,403.848,100.326,26 de Junio,19.593,1
6,PUNTO - 6,392.84,393.925,100.304,26 de Junio,19.593,1
6,PUNTO - 7,395.41,384.332,100.288,26 de Junio,19.593,1
6,PUNTO - 8,399.97,375.503,100.281,26 de Junio,19.593,1
6,PUNTO - 9,406.381,367.728,100.292,26 de Junio,19.593,1
6,PUNTO - 10,411.16,363.665,100.298,26 de Junio,19.593,1
6,PUNTO - 11,419.741,358.656,100.32,26 de Junio,19.593,1
6,PUNTO - 12,429.188,355.59,100.316,26 de Junio,19.593,1
6,PUNTO - 13,439.114,354.609,100.307,26 de Junio,19.593,1
6,PUNTO - 14,448.978,355.759,100.295,26 de Junio,19.593,1
6,PUNTO - 15,458.356,358.974,100.291,26 de Junio,19.593,1
6,PUNTO - 16,466.866,364.121,100.283,26 de Junio,19.593,1
6,PUNTO - 17,474.076,370.972,100.278,26 de Junio,19.593,1
6,PUNTO - 18,479.667,379.195,100.274,26 de Junio,19.593,1
6,PUNTO - 19,483.346,388.433,100.278,26 de Junio,19.593,1
6,PUNTO - 20,484.998,398.207,100.287,26 de Junio,19.593,1
6,PUNTO - 21,484.502,408.271,100.299,26 de Junio,19.593,1
6,PUNTO - 22,482.093,417.914,100.292,26 de Junio,19.593,1
6,PUNTO - 23,477.404,426.591,100.28,26 de Junio,19.593,1
6,PUNTO - 24,471.084,434.244,100.28,26 de Junio,19.593,1
6,PUNTO - 25,463.244,440.387,100.28,26 de Junio,19.593,1
6,PUNTO - 26,454.272,444.714,100.275,26 de Junio,19.593,1
6,PUNTO - 27,444.898,446.973,100.273,26 de Junio,19.593,1
6,PUNTO - 28,434.973,447.214,100.275,26 de Junio,19.593,1
6,PUNTO - 29,425.226,445.375,100.283,26 de Junio,19.593,1
6,PUNTO - 30,416.082,441.503,100.296,26 de Junio,19.593,1
7,PUNTO - 1 = 127º,410.573,437.929,100.308,09 Agosto,19.593,1
7,PUNTO - 2,403.364,431.076,100.319,09 Agosto,19.593,1
7,PUNTO - 3,397.764,422.844,100.325,09 Agosto,19.593,1
7,PUNTO - 4,394.06,413.626,100.328,09 Agosto,19.593,1
7,PUNTO - 5,392.385,403.846,100.325,09 Agosto,19.593,1
7,PUNTO - 6,392.841,393.925,100.304,09 Agosto,19.593,1
7,PUNTO - 7,395.41,384.332,100.287,09 Agosto,19.593,1
7,PUNTO - 8,399.97,375.502,100.281,09 Agosto,19.593,1
7,PUNTO - 9,406.382,367.727,100.291,09 Agosto,19.593,1
7,PUNTO - 10,411.161,363.665,100.298,09 Agosto,19.593,1
7,PUNTO - 11,419.741,358.656,100.319,09 Agosto,19.593,1
7,PUNTO - 12,429.184,355.587,100.315,09 Agosto,19.593,1
7,PUNTO - 13,439.112,354.607,100.306,09 Agosto,19.593,1
7,PUNTO - 14,448.976,355.756,100.294,09 Agosto,19.593,1
7,PUNTO - 15,458.353,358.972,100.29,09 Agosto,19.593,1
7,PUNTO - 16,466.864,364.119,100.282,09 Agosto,19.593,1
7,PUNTO - 17,474.075,370.972,100.279,09 Agosto,19.593,1
7,PUNTO - 18,479.665,379.193,100.275,09 Agosto,19.593,1
7,PUNTO - 19,483.344,388.43,100.279,09 Agosto,19.593,1
7,PUNTO - 20,484.996,398.203,100.288,09 Agosto,19.593,1
7,PUNTO - 21,484.501,408.268,100.3,09 Agosto,19.593,1
7,PUNTO - 22,482.091,417.914,100.292,09 Agosto,19.593,1
7,PUNTO - 23,477.403,426.592,100.281,09 Agosto,19.593,1
7,PUNTO - 24,471.083,434.241,100.282,09 Agosto,19.593,1
7,PUNTO - 25,463.244,440.384,100.282,09 Agosto,19.593,1
7,PUNTO - 26,454.271,444.711,100.277,09 Agosto,19.593,1
7,PUNTO - 27,444.897,446.969,100.275,09 Agosto,19.593,1
7,PUNTO - 28,434.973,447.211,100.276,09 Agosto,19.593,1
7,PUNTO - 29,425.226,445.374,100.285,09 Agosto,19.593,1
7,PUNTO - 30,416.081,441.5,100.298,09 Agosto,19.593,1
11,PUNTO - 1 = 127º,410.571,437.93,100.317,17 de Diciembre 2014,10.016,1
11,PUNTO - 2,403.361,431.076,100.328,17 de Diciembre 2014,10.016,1
11,PUNTO - 3,397.76,422.844,100.333,17 de Diciembre 2014,10.016,1
11,PUNTO - 4,394.056,413.626,100.339,17 de Diciembre 2014,10.016,1
11,PUNTO - 5,392.381,403.845,100.336,17 de Diciembre 2014,10.016,1
11,PUNTO - 6,392.835,393.922,100.313,17 de Diciembre 2014,10.016,1
11,PUNTO - 7,395.403,384.329,100.295,17 de Diciembre 2014,10.016,1
11,PUNTO - 8,399.963,375.499,100.289,17 de Diciembre 2014,10.016,1
11,PUNTO - 9,406.374,367.722,100.299,17 de Diciembre 2014,10.016,1
11,PUNTO - 10,411.153,363.66,100.307,17 de Diciembre 2014,10.016,1
11,PUNTO - 11,419.735,358.652,100.33,17 de Diciembre 2014,10.016,1
11,PUNTO - 12,429.182,355.582,100.326,17 de Diciembre 2014,10.016,1
11,PUNTO - 13,439.11,354.601,100.315,17 de Diciembre 2014,10.016,1
11,PUNTO - 14,448.975,355.751,100.304,17 de Diciembre 2014,10.016,1
11,PUNTO - 15,458.353,358.967,100.301,17 de Diciembre 2014,10.016,1
11,PUNTO - 16,466.864,364.113,100.293,17 de Diciembre 2014,10.016,1
11,PUNTO - 17,474.073,370.965,100.289,17 de Diciembre 2014,10.016,1
11,PUNTO - 18,479.664,379.188,100.284,17 de Diciembre 2014,10.016,1
11,PUNTO - 19,483.345,388.428,100.288,17 de Diciembre 2014,10.016,1
11,PUNTO - 20,484.996,398.2,100.298,17 de Diciembre 2014,10.016,1
11,PUNTO - 21,484.501,408.265,100.31,17 de Diciembre 2014,10.016,1
11,PUNTO - 22,482.093,417.91,100.3,17 de Diciembre 2014,10.016,1
11,PUNTO - 23,477.405,426.588,100.287,17 de Diciembre 2014,10.016,1
11,PUNTO - 24,471.085,434.241,100.288,17 de Diciembre 2014,10.016,1
11,PUNTO - 25,463.246,440.385,100.29,17 de Diciembre 2014,10.016,1
11,PUNTO - 26,454.272,444.712,100.285,17 de Diciembre 2014,10.016,1
11,PUNTO - 27,444.898,446.972,100.283,17 de Diciembre 2014,10.016,1
11,PUNTO - 28,434.972,447.211,100.284,17 de Diciembre 2014,10.016,1
11,PUNTO - 29,425.224,445.373,100.293,17 de Diciembre 2014,10.016,1
11,PUNTO - 30,416.079,441.501,100.306,17 de Diciembre 2014,10.016,1
13,PUNTO - 1 = 127º,410.572,437.928,100.311,19 NOVIEMBRE 2015,19.588,1
13,PUNTO - 2,403.362,431.074,100.322,19 NOVIEMBRE 2015,19.588,1
13,PUNTO - 3,397.762,422.842,100.329,19 NOVIEMBRE 2015,19.588,1
13,PUNTO - 4,394.058,413.624,100.331,19 NOVIEMBRE 2015,19.588,1
13,PUNTO - 5,392.381,403.843,100.329,19 NOVIEMBRE 2015,19.588,1
13,PUNTO - 6,392.836,393.92,100.305,19 NOVIEMBRE 2015,19.588,1
13,PUNTO - 7,395.405,384.327,100.291,19 NOVIEMBRE 2015,19.588,1
13,PUNTO - 8,399.965,375.497,100.282,19 NOVIEMBRE 2015,19.588,1
13,PUNTO - 9,406.377,367.721,100.293,19 NOVIEMBRE 2015,19.588,1
13,PUNTO - 10,411.156,363.659,100.301,19 NOVIEMBRE 2015,19.588,1
13,PUNTO - 11,419.738,358.652,100.323,19 NOVIEMBRE 2015,19.588,1
13,PUNTO - 12,429.185,355.582,100.32,19 NOVIEMBRE 2015,19.588,1
13,PUNTO - 13,439.112,354.601,100.311,19 NOVIEMBRE 2015,19.588,1
13,PUNTO - 14,448.976,355.75,100.297,19 NOVIEMBRE 2015,19.588,1
13,PUNTO - 15,458.354,358.965,100.293,19 NOVIEMBRE 2015,19.588,1
13,PUNTO - 16,466.865,364.112,100.285,19 NOVIEMBRE 2015,19.588,1
13,PUNTO - 17,474.076,370.963,100.28,19 NOVIEMBRE 2015,19.588,1
13,PUNTO - 18,479.664,379.186,100.283,19 NOVIEMBRE 2015,19.588,1
13,PUNTO - 19,483.345,388.426,100.28,19 NOVIEMBRE 2015,19.588,1
13,PUNTO - 20,484.996,398.199,100.289,19 NOVIEMBRE 2015,19.588,1
13,PUNTO - 21,484.5,408.263,100.301,19 NOVIEMBRE 2015,19.588,1
13,PUNTO - 22,482.092,417.909,100.293,19 NOVIEMBRE 2015,19.588,1
13,PUNTO - 23,477.405,426.588,100.281,19 NOVIEMBRE 2015,19.588,1
13,PUNTO - 24,471.084,434.238,100.279,19 NOVIEMBRE 2015,19.588,1
13,PUNTO - 25,463.244,440.382,100.279,19 NOVIEMBRE 2015,19.588,1
13,PUNTO - 26,454.271,444.709,100.275,19 NOVIEMBRE 2015,19.588,1
13,PUNTO - 27,444.896,446.968,100.274,19 NOVIEMBRE 2015,19.588,1
13,PUNTO - 28,434.972,447.209,100.275,19 NOVIEMBRE 2015,19.588,1
13,PUNTO - 29,425.225,445.371,100.284,19 NOVIEMBRE 2015,19.588,1
13,PUNTO - 30,416.08,441.499,100.297,19 NOVIEMBRE 2015,19.588,1
14,PUNTO - 1 = 127º,410.573,437.928,100.309,08 DICIEMBRE 2015,19.588,1
14,PUNTO - 2,403.363,431.074,100.321,08 DICIEMBRE 2015,19.588,1
14,PUNTO - 3,397.762,422.842,100.327,08 DICIEMBRE 2015,19.588,1
14,PUNTO - 4,394.058,413.624,100.33,08 DICIEMBRE 2015,19.588,1
14,PUNTO - 5,392.382,403.843,100.327,08 DICIEMBRE 2015,19.588,1
14,PUNTO - 6,392.838,393.921,100.305,08 DICIEMBRE 2015,19.588,1
14,PUNTO - 7,395.406,384.326,100.289,08 DICIEMBRE 2015,19.588,1
14,PUNTO - 8,399.966,375.497,100.281,08 DICIEMBRE 2015,19.588,1
14,PUNTO - 9,406.379,367.722,100.29,08 DICIEMBRE 2015,19.588,1
14,PUNTO - 10,411.158,363.661,100.297,08 DICIEMBRE 2015,19.588,1
14,PUNTO - 11,419.74,358.652,100.32,08 DICIEMBRE 2015,19.588,1
14,PUNTO - 12,429.185,355.582,100.317,08 DICIEMBRE 2015,19.588,1
14,PUNTO - 13,439.113,354.6,100.307,08 DICIEMBRE 2015,19.588,1
14,PUNTO - 14,448.977,355.749,100.295,08 DICIEMBRE 2015,19.588,1
14,PUNTO - 15,458.354,358.964,100.29,08 DICIEMBRE 2015,19.588,1
14,PUNTO - 16,466.865,364.111,100.282,08 DICIEMBRE 2015,19.588,1
14,PUNTO - 17,474.077,370.965,100.279,08 DICIEMBRE 2015,19.588,1
14,PUNTO - 18,479.663,379.185,100.281,08 DICIEMBRE 2015,19.588,1
14,PUNTO - 19,483.344,388.425,100.278,08 DICIEMBRE 2015,19.588,1
14,PUNTO - 20,484.995,398.198,100.287,08 DICIEMBRE 2015,19.588,1
14,PUNTO - 21,484.501,408.265,100.299,08 DICIEMBRE 2015,19.588,1
14,PUNTO - 22,482.093,417.909,100.291,08 DICIEMBRE 2015,19.588,1
14,PUNTO - 23,477.405,426.587,100.28,08 DICIEMBRE 2015,19.588,1
14,PUNTO - 24,471.083,434.238,100.28,08 DICIEMBRE 2015,19.588,1
14,PUNTO - 25,463.244,440.382,100.28,08 DICIEMBRE 2015,19.588,1
14,PUNTO - 26,454.271,444.709,100.274,08 DICIEMBRE 2015,19.588,1
14,PUNTO - 27,444.896,446.968,100.272,08 DICIEMBRE 2015,19.588,1
14,PUNTO - 28,434.976,447.21,100.274,08 DICIEMBRE 2015,19.588,1
14,PUNTO - 29,425.226,445.373,100.283,08 DICIEMBRE 2015,19.588,1
14,PUNTO - 30,416.081,441.499,100.296,08 DICIEMBRE 2015,19.588,1
19,PUNTO - 1 = 127º,410.576,437.928,100.31,15 DE MAYO 2019,19.5,1
19,PUNTO - 2,403.365,431.073,100.323,15 DE MAYO 2019,19.5,1
19,PUNTO - 3,397.764,422.841,100.33,15 DE MAYO 2019,19.5,1
19,PUNTO - 4,394.062,413.623,100.334,15 DE MAYO 2019,19.5,1
19,PUNTO - 5,392.384,403.842,100.33,15 DE MAYO 2019,19.5,1
19,PUNTO - 6,392.838,393.92,100.308,15 DE MAYO 2019,19.5,1
19,PUNTO - 7,395.405,384.325,100.289,15 DE MAYO 2019,19.5,1
19,PUNTO - 8,399.966,375.496,100.28,15 DE MAYO 2019,19.5,1
19,PUNTO - 9,406.378,367.72,100.294,15 DE MAYO 2019,19.5,1
19,PUNTO - 10,411.158,363.658,100.302,15 DE MAYO 2019,19.5,1
19,PUNTO - 11,419.74,358.652,100.325,15 DE MAYO 2019,19.5,1
19,PUNTO - 12,429.188,355.586,100.323,15 DE MAYO 2019,19.5,1
19,PUNTO - 13,439.116,354.607,100.314,15 DE MAYO 2019,19.5,1
19,PUNTO - 14,448.981,355.754,100.301,15 DE MAYO 2019,19.5,1
19,PUNTO - 15,458.358,358.969,100.295,15 DE MAYO 2019,19.5,1
19,PUNTO - 16,466.87,364.115,100.285,15 DE MAYO 2019,19.5,1
19,PUNTO - 17,474.082,370.966,100.281,15 DE MAYO 2019,19.5,1
19,PUNTO - 18,479.665,379.191,100.277,15 DE MAYO 2019,19.5,1
19,PUNTO - 19,483.347,388.432,100.281,15 DE MAYO 2019,19.5,1
19,PUNTO - 20,485.0,398.205,100.29,15 DE MAYO 2019,19.5,1
19,PUNTO - 21,484.504,408.27,100.302,15 DE MAYO 2019,19.5,1
19,PUNTO - 22,482.095,417.914,100.294,15 DE MAYO 2019,19.5,1
19,PUNTO - 23,477.407,426.593,100.283,15 DE MAYO 2019,19.5,1
19,PUNTO - 24,471.084,434.241,100.283,15 DE MAYO 2019,19.5,1
19,PUNTO - 25,463.243,440.384,100.283,15 DE MAYO 2019,19.5,1
19,PUNTO - 26,454.27,444.712,100.278,15 DE MAYO 2019,19.5,1
19,PUNTO - 27,444.895,446.972,100.276,15 DE MAYO 2019,19.5,1
19,PUNTO - 28,434.976,447.211,100.278,15 DE MAYO 2019,19.5,1
19,PUNTO - 29,425.228,445.373,100.287,15 DE MAYO 2019,19.5,1
19,PUNTO - 30,416.083,441.499,100.3,15 DE MAYO 2019,19.5,1
22,PUNTO - 1 = 127º,410.574,437.928,100.311,28 DE AGOSTO 2020,19.408,1
22,PUNTO - 2,403.363,431.074,100.323,28 DE AGOSTO 2020,19.408,1
22,PUNTO - 3,397.763,422.841,100.331,28 DE AGOSTO 2020,19.408,1
22,PUNTO - 4,394.06,413.622,100.335,28 DE AGOSTO 2020,19.408,1
22,PUNTO - 5,392.384,403.842,100.331,28 DE AGOSTO 2020,19.408,1
22,PUNTO - 6,392.837,393.92,100.309,28 DE AGOSTO 2020,19.408,1
22,PUNTO - 7,395.404,384.325,100.289,28 DE AGOSTO 2020,19.408,1
22,PUNTO - 8,399.964,375.495,100.281,28 DE AGOSTO 2020,19.408,1
22,PUNTO - 9,406.376,367.719,100.294,28 DE AGOSTO 2020,19.408,1
22,PUNTO - 10,411.156,363.658,100.302,28 DE AGOSTO 2020,19.408,1
22,PUNTO - 11,419.738,358.65,100.325,28 DE AGOSTO 2020,19.408,1
22,PUNTO - 12,429.186,355.584,100.323,28 DE AGOSTO 2020,19.408,1
22,PUNTO - 13,439.113,354.603,100.314,28 DE AGOSTO 2020,19.408,1
22,PUNTO - 14,448.978,355.751,100.3,28 DE AGOSTO 2020,19.408,1
22,PUNTO - 15,458.356,358.966,100.295,28 DE AGOSTO 2020,19.408,1
22,PUNTO - 16,466.867,364.111,100.285,28 DE AGOSTO 2020,19.408,1
22,PUNTO - 17,474.078,370.963,100.279,28 DE AGOSTO 2020,19.408,1
22,PUNTO - 18,479.667,379.187,100.275,28 DE AGOSTO 2020,19.408,1
22,PUNTO - 19,483.348,388.426,100.279,28 DE AGOSTO 2020,19.408,1
22,PUNTO - 20,485.0,398.201,100.288,28 DE AGOSTO 2020,19.408,1
22,PUNTO - 21,484.503,408.264,100.3,28 DE AGOSTO 2020,19.408,1
22,PUNTO - 22,482.095,417.909,100.292,28 DE AGOSTO 2020,19.408,1
22,PUNTO - 23,477.406,426.587,100.281,28 DE AGOSTO 2020,19.408,1
22,PUNTO - 24,471.085,434.237,100.28,28 DE AGOSTO 2020,19.408,1
22,PUNTO - 25,463.245,440.381,100.282,28 DE AGOSTO 2020,19.408,1
22,PUNTO - 26,454.271,444.709,100.275,28 DE AGOSTO 2020,19.408,1
22,PUNTO - 27,444.897,446.968,100.274,28 DE AGOSTO 2020,19.408,1
22,PUNTO - 28,434.974,447.211,100.276,28 DE AGOSTO 2020,19.408,1
22,PUNTO - 29,425.226,445.372,100.285,28 DE AGOSTO 2020,19.408,1
22,PUNTO - 30,416.081,441.499,100.299,28 DE AGOSTO 2020,19.408,1
24,PUNTO - 1 = 127º,410.572,437.924,100.315,15 de Diciembre 2020,13.23,1
24,PUNTO - 2,403.362,431.07,100.328,15 de Diciembre 2020,13.23,1
24,PUNTO - 3,397.76,422.837,100.336,15 de Diciembre 2020,13.23,1
24,PUNTO - 4,394.056,413.619,100.339,15 de Diciembre 2020,13.23,1
24,PUNTO - 5,392.38,403.838,100.337,15 de Diciembre 2020,13.23,1
24,PUNTO - 6,392.832,393.916,100.302,15 de Diciembre 2020,13.23,1
24,PUNTO - 7,395.399,384.321,100.291,15 de Diciembre 2020,13.23,1
24,PUNTO - 8,399.959,375.49,100.283,15 de Diciembre 2020,13.23,1
24,PUNTO - 9,406.37,367.715,100.296,15 de Diciembre 2020,13.23,1
24,PUNTO - 10,411.15,363.653,100.305,15 de Diciembre 2020,13.23,1
24,PUNTO - 11,419.733,358.647,100.33,15 de Diciembre 2020,13.23,1
24,PUNTO - 12,429.182,355.577,100.327,15 de Diciembre 2020,13.23,1
24,PUNTO - 13,439.11,354.597,100.317,15 de Diciembre 2020,13.23,1
24,PUNTO - 14,448.973,355.746,100.303,15 de Diciembre 2020,13.23,1
24,PUNTO - 15,458.352,358.961,100.299,15 de Diciembre 2020,13.23,1
24,PUNTO - 16,466.864,364.108,100.29,15 de Diciembre 2020,13.23,1
24,PUNTO - 17,474.075,370.96,100.285,15 de Diciembre 2020,13.23,1
24,PUNTO - 18,479.666,379.182,100.28,15 de Diciembre 2020,13.23,1
24,PUNTO - 19,483.346,388.422,100.285,15 de Diciembre 2020,13.23,1
24,PUNTO - 20,484.999,398.196,100.295,15 de Diciembre 2020,13.23,1
24,PUNTO - 21,484.502,408.26,100.306,15 de Diciembre 2020,13.23,1
24,PUNTO - 22,482.093,417.904,100.297,15 de Diciembre 2020,13.23,1
24,PUNTO - 23,477.405,426.582,100.284,15 de Diciembre 2020,13.23,1
24,PUNTO - 24,471.083,434.235,100.284,15 de Diciembre 2020,13.23,1
24,PUNTO - 25,463.242,440.378,100.285,15 de Diciembre 2020,13.23,1
24,PUNTO - 26,454.268,444.707,100.28,15 de Diciembre 2020,13.23,1
24,PUNTO - 27,444.894,446.967,100.278,15 de Diciembre 2020,13.23,1
24,PUNTO - 28,434.973,447.206,100.28,15 de Diciembre 2020,13.23,1
24,PUNTO - 29,425.226,445.369,100.289,15 de Diciembre 2020,13.23,1
24,PUNTO - 30,416.08,441.495,100.304,15 de Diciembre 2020,13.23,1
25,PUNTO - 1 = 127º,410.575,437.928,100.313,31 Julio 2021,18.155,1
25,PUNTO - 2,403.364,431.074,100.326,31 Julio 2021,18.155,1
25,PUNTO - 3,397.764,422.842,100.334,31 Julio 2021,18.155,1
25,PUNTO - 4,394.06,413.623,100.338,31 Julio 2021,18.155,1
25,PUNTO - 5,392.382,403.842,100.333,31 Julio 2021,18.155,1
25,PUNTO - 6,392.837,393.921,100.31,31 Julio 2021,18.155,1
25,PUNTO - 7,395.405,384.326,100.29,31 Julio 2021,18.155,1
25,PUNTO - 8,399.965,375.496,100.282,31 Julio 2021,18.155,1
25,PUNTO - 9,406.376,367.719,100.294,31 Julio 2021,18.155,1
25,PUNTO - 10,411.156,363.658,100.303,31 Julio 2021,18.155,1
25,PUNTO - 11,419.738,358.651,100.327,31 Julio 2021,18.155,1
25,PUNTO - 12,429.188,355.585,100.325,31 Julio 2021,18.155,1
25,PUNTO - 13,439.117,354.602,100.315,31 Julio 2021,18.155,1
25,PUNTO - 14,448.981,355.753,100.302,31 Julio 2021,18.155,1
25,PUNTO - 15,458.359,358.968,100.295,31 Julio 2021,18.155,1
25,PUNTO - 16,466.872,364.113,100.286,31 Julio 2021,18.155,1
25,PUNTO - 17,474.081,370.965,100.283,31 Julio 2021,18.155,1
25,PUNTO - 18,479.668,379.192,100.278,31 Julio 2021,18.155,1
25,PUNTO - 19,483.349,388.431,100.282,31 Julio 2021,18.155,1
25,PUNTO - 20,485.002,398.204,100.291,31 Julio 2021,18.155,1
25,PUNTO - 21,484.506,408.268,100.303,31 Julio 2021,18.155,1
25,PUNTO - 22,482.096,417.914,100.295,31 Julio 2021,18.155,1
25,PUNTO - 23,477.408,426.592,100.283,31 Julio 2021,18.155,1
25,PUNTO - 24,471.085,434.244,100.283,31 Julio 2021,18.155,1
25,PUNTO - 25,463.245,440.388,100.283,31 Julio 2021,18.155,1
25,PUNTO - 26,454.271,444.716,100.278,31 Julio 2021,18.155,1
25,PUNTO - 27,444.897,446.976,100.276,31 Julio 2021,18.155,1
25,PUNTO - 28,434.976,447.211,100.278,31 Julio 2021,18.155,1
25,PUNTO - 29,425.228,445.373,100.287,31 Julio 2021,18.155,1
25,PUNTO - 30,416.083,441.499,100.302,31 Julio 2021,18.155,1
26,PUNTO - 1 = 127º,410.575,437.93,100.311,12 de Abril 2022,19.404,1
26,PUNTO - 2,403.365,431.075,100.324,12 de Abril 2022,19.404,1
26,PUNTO - 3,397.765,422.843,100.333,12 de Abril 2022,19.404,1
26,PUNTO - 4,394.062,413.624,100.336,12 de Abril 2022,19.404,1
26,PUNTO - 5,392.386,403.844,100.331,12 de Abril 2022,19.404,1
26,PUNTO - 6,392.838,393.921,100.307,12 de Abril 2022,19.404,1
26,PUNTO - 7,395.405,384.327,100.288,12 de Abril 2022,19.404,1
26,PUNTO - 8,399.965,375.497,100.281,12 de Abril 2022,19.404,1
26,PUNTO - 9,406.377,367.72,100.292,12 de Abril 2022,19.404,1
26,PUNTO - 10,411.157,363.66,100.301,12 de Abril 2022,19.404,1
26,PUNTO - 11,419.74,358.654,100.325,12 de Abril 2022,19.404,1
26,PUNTO - 12,429.188,355.581,100.323,12 de Abril 2022,19.404,1
26,PUNTO - 13,439.116,354.6,100.314,12 de Abril 2022,19.404,1
26,PUNTO - 14,448.979,355.75,100.3,12 de Abril 2022,19.404,1
26,PUNTO - 15,458.357,358.965,100.293,12 de Abril 2022,19.404,1
26,PUNTO - 16,466.869,364.112,100.283,12 de Abril 2022,19.404,1
26,PUNTO - 17,474.079,370.964,100.279,12 de Abril 2022,19.404,1
26,PUNTO - 18,479.667,379.188,100.275,12 de Abril 2022,19.404,1
26,PUNTO - 19,483.347,388.429,100.279,12 de Abril 2022,19.404,1
26,PUNTO - 20,485.001,398.201,100.288,12 de Abril 2022,19.404,1
26,PUNTO - 21,484.505,408.266,100.299,12 de Abril 2022,19.404,1
26,PUNTO - 22,482.095,417.912,100.291,12 de Abril 2022,19.404,1
26,PUNTO - 23,477.407,426.591,100.279,12 de Abril 2022,19.404,1
26,PUNTO - 24,471.088,434.24,100.28,12 de Abril 2022,19.404,1
26,PUNTO - 25,463.248,440.384,100.28,12 de Abril 2022,19.404,1
26,PUNTO - 26,454.275,444.712,100.275,12 de Abril 2022,19.404,1
26,PUNTO - 27,444.9,446.971,100.273,12 de Abril 2022,19.404,1
26,PUNTO - 28,434.976,447.213,100.275,12 de Abril 2022,19.404,1
26,PUNTO - 29,425.228,445.375,100.283,12 de Abril 2022,19.404,1
26,PUNTO - 30,416.083,441.501,100.298,12 de Abril 2022,19.404,1
27,PUNTO - 1 = 127º,410.578,437.927,100.31,30 de Agosto 2022,19.4,1
27,PUNTO - 2,403.368,431.074,100.325,30 de Agosto 2022,19.4,1
27,PUNTO - 3,397.767,422.841,100.332,30 de Agosto 2022,19.4,1
27,PUNTO - 4,394.065,413.622,100.337,30 de Agosto 2022,19.4,1
27,PUNTO - 5,392.387,403.842,100.331,30 de Agosto 2022,19.4,1
27,PUNTO - 6,392.837,393.919,100.308,30 de Agosto 2022,19.4,1
27,PUNTO - 7,395.405,384.325,100.288,30 de Agosto 2022,19.4,1
27,PUNTO - 8,399.965,375.494,100.279,30 de Agosto 2022,19.4,1
27,PUNTO - 9,406.376,367.719,100.293,30 de Agosto 2022,19.4,1
27,PUNTO - 10,411.157,363.658,100.301,30 de Agosto 2022,19.4,1
27,PUNTO - 11,419.739,358.651,100.326,30 de Agosto 2022,19.4,1
27,PUNTO - 12,429.19,355.582,100.324,30 de Agosto 2022,19.4,1
27,PUNTO - 13,439.118,354.602,100.315,30 de Agosto 2022,19.4,1
27,PUNTO - 14,448.982,355.75,100.301,30 de Agosto 2022,19.4,1
27,PUNTO - 15,458.361,358.965,100.294,30 de Agosto 2022,19.4,1
27,PUNTO - 16,466.873,364.108,100.284,30 de Agosto 2022,19.4,1
27,PUNTO - 17,474.082,370.963,100.279,30 de Agosto 2022,19.4,1
27,PUNTO - 18,479.669,379.187,100.276,30 de Agosto 2022,19.4,1
27,PUNTO - 19,483.35,388.427,100.28,30 de Agosto 2022,19.4,1
27,PUNTO - 20,485.003,398.201,100.289,30 de Agosto 2022,19.4,1
27,PUNTO - 21,484.507,408.266,100.301,30 de Agosto 2022,19.4,1
27,PUNTO - 22,482.096,417.91,100.292,30 de Agosto 2022,19.4,1
27,PUNTO - 23,477.406,426.588,100.28,30 de Agosto 2022,19.4,1
27,PUNTO - 24,471.081,434.222,100.287,30 de Agosto 2022,19.4,1
27,PUNTO - 25,463.234,440.368,100.28,30 de Agosto 2022,19.4,1
27,PUNTO - 26,454.256,444.7,100.28,30 de Agosto 2022,19.4,1
27,PUNTO - 27,444.88,446.963,100.275,30 de Agosto 2022,19.4,1
27,PUNTO - 28,434.978,447.211,100.273,30 de Agosto 2022,19.4,1
27,PUNTO - 29,425.231,445.373,100.284,30 de Agosto 2022,19.4,1
27,PUNTO - 30,416.086,441.499,100.298,30 de Agosto 2022,19.4,1
28,PUNTO - 1 = 127º,410.577,437.922,100.31,20 de Marzo 2023,19.593,1
28,PUNTO - 2,403.366,431.069,100.324,20 de Marzo 2023,19.593,1
28,PUNTO - 3,397.765,422.837,100.333,20 de Marzo 2023,19.593,1
28,PUNTO - 4,394.063,413.618,100.336,20 de Marzo 2023,19.593,1
28,PUNTO - 5,392.386,403.838,100.332,20 de Marzo 2023,19.593,1
28,PUNTO - 6,392.837,393.916,100.306,20 de Marzo 2023,19.593,1
28,PUNTO - 7,395.403,384.321,100.286,20 de Marzo 2023,19.593,1
28,PUNTO - 8,399.962,375.492,100.278,20 de Marzo 2023,19.593,1
28,PUNTO - 9,406.375,367.714,100.29,20 de Marzo 2023,19.593,1
28,PUNTO - 10,411.154,363.653,100.299,20 de Marzo 2023,19.593,1
28,PUNTO - 11,419.736,358.646,100.323,20 de Marzo 2023,19.593,1
28,PUNTO - 12,429.186,355.578,100.321,20 de Marzo 2023,19.593,1
28,PUNTO - 13,439.111,354.598,100.313,20 de Marzo 2023,19.593,1
28,PUNTO - 14,448.977,355.744,100.3,20 de Marzo 2023,19.593,1
28,PUNTO - 15,458.355,358.959,100.294,20 de Marzo 2023,19.593,1
28,PUNTO - 16,466.867,364.105,100.285,20 de Marzo 2023,19.593,1
28,PUNTO - 17,474.075,370.959,100.282,20 de Marzo 2023,19.593,1
28,PUNTO - 18,479.667,379.183,100.278,20 de Marzo 2023,19.593,1
28,PUNTO - 19,483.349,388.424,100.283,20 de Marzo 2023,19.593,1
28,PUNTO - 20,485.002,398.197,100.29,20 de Marzo 2023,19.593,1
28,PUNTO - 21,484.51,408.261,100.301,20 de Marzo 2023,19.593,1
28,PUNTO - 22,482.101,417.906,100.291,20 de Marzo 2023,19.593,1
28,PUNTO - 23,477.414,426.584,100.279,20 de Marzo 2023,19.593,1
28,PUNTO - 24,471.089,434.232,100.279,20 de Marzo 2023,19.593,1
28,PUNTO - 25,463.249,440.377,100.279,20 de Marzo 2023,19.593,1
28,PUNTO - 26,454.277,444.706,100.274,20 de Marzo 2023,19.593,1
28,PUNTO - 27,444.902,446.968,100.272,20 de Marzo 2023,19.593,1
28,PUNTO - 28,434.979,447.202,100.274,20 de Marzo 2023,19.593,1
28,PUNTO - 29,425.23,445.364,100.283,20 de Marzo 2023,19.593,1
28,PUNTO - 30,416.085,441.492,100.297,20 de Marzo 2023,19.593,1
29,PUNTO - 1 = 127º,410.576,437.928,100.311,21 de Agosto 2023,19.6,1
29,PUNTO - 2,403.367,431.074,100.323,21 de Agosto 2023,19.6,1
29,PUNTO - 3,397.766,422.842,100.333,21 de Agosto 2023,19.6,1
29,PUNTO - 4,394.061,413.622,100.335,21 de Agosto 2023,19.6,1
29,PUNTO - 5,392.385,403.841,100.331,21 de Agosto 2023,19.6,1
29,PUNTO - 6,392.839,393.92,100.305,21 de Agosto 2023,19.6,1
29,PUNTO - 7,395.406,384.325,100.286,21 de Agosto 2023,19.6,1
29,PUNTO - 8,399.965,375.495,100.279,21 de Agosto 2023,19.6,1
29,PUNTO - 9,406.376,367.719,100.292,21 de Agosto 2023,19.6,1
29,PUNTO - 10,411.156,363.659,100.301,21 de Agosto 2023,19.6,1
29,PUNTO - 11,419.739,358.651,100.325,21 de Agosto 2023,19.6,1
29,PUNTO - 12,429.188,355.582,100.323,21 de Agosto 2023,19.6,1
29,PUNTO - 13,439.115,354.601,100.315,21 de Agosto 2023,19.6,1
29,PUNTO - 14,448.979,355.749,100.302,21 de Agosto 2023,19.6,1
29,PUNTO - 15,458.357,358.966,100.297,21 de Agosto 2023,19.6,1
29,PUNTO - 16,466.869,364.11,100.288,21 de Agosto 2023,19.6,1
29,PUNTO - 17,474.082,370.962,100.284,21 de Agosto 2023,19.6,1
29,PUNTO - 18,479.665,379.187,100.28,21 de Agosto 2023,19.6,1
29,PUNTO - 19,483.348,388.426,100.285,21 de Agosto 2023,19.6,1
29,PUNTO - 20,485.003,398.2,100.292,21 de Agosto 2023,19.6,1
29,PUNTO - 21,484.507,408.263,100.302,21 de Agosto 2023,19.6,1
29,PUNTO - 22,482.099,417.911,100.293,21 de Agosto 2023,19.6,1
29,PUNTO - 23,477.409,426.587,100.28,21 de Agosto 2023,19.6,1
29,PUNTO - 24,471.089,434.238,100.28,21 de Agosto 2023,19.6,1
29,PUNTO - 25,463.25,440.382,100.28,21 de Agosto 2023,19.6,1
29,PUNTO - 26,454.277,444.711,100.275,21 de Agosto 2023,19.6,1
29,PUNTO - 27,444.902,446.972,100.274,21 de Agosto 2023,19.6,1
29,PUNTO - 28,434.977,447.211,100.275,21 de Agosto 2023,19.6,1
29,PUNTO - 29,425.229,445.372,100.284,21 de Agosto 2023,19.6,1
29,PUNTO - 30,416.085,441.5,100.299,21 de Agosto 2023,19.6,1
30,PUNTO - 1 = 127º,410.572,437.93,100.319,11 de Febrero 2024,7.035,1
30,PUNTO - 2,403.362,431.077,100.333,11 de Febrero 2024,7.035,1
30,PUNTO - 3,397.761,422.843,100.341,11 de Febrero 2024,7.035,1
30,PUNTO - 4,394.057,413.625,100.345,11 de Febrero 2024,7.035,1
30,PUNTO - 5,392.381,403.844,100.3452,11 de Febrero 2024,7.035,1
30,PUNTO - 6,392.834,393.92,100.316,11 de Febrero 2024,7.035,1
30,PUNTO - 7,395.401,384.326,100.296,11 de Febrero 2024,7.035,1
30,PUNTO - 8,399.962,375.495,100.287,11 de Febrero 2024,7.035,1
30,PUNTO - 9,406.373,367.718,100.302,11 de Febrero 2024,7.035,1
30,PUNTO - 10,411.154,363.658,100.311,11 de Febrero 2024,7.035,1
30,PUNTO - 11,419.736,358.65,100.336,11 de Febrero 2024,7.035,1
30,PUNTO - 12,429.187,355.58,100.333,11 de Febrero 2024,7.035,1
30,PUNTO - 13,439.114,354.599,100.324,11 de Febrero 2024,7.035,1
30,PUNTO - 14,448.978,355.748,100.313,11 de Febrero 2024,7.035,1
30,PUNTO - 15,458.356,358.964,100.308,11 de Febrero 2024,7.035,1
30,PUNTO - 16,466.87,364.109,100.3,11 de Febrero 2024,7.035,1
30,PUNTO - 17,474.079,370.962,100.294,11 de Febrero 2024,7.035,1
30,PUNTO - 18,479.669,379.184,100.29,11 de Febrero 2024,7.035,1
30,PUNTO - 19,483.349,388.423,100.294,11 de Febrero 2024,7.035,1
30,PUNTO - 20,485.005,398.197,100.303,11 de Febrero 2024,7.035,1
30,PUNTO - 21,484.508,408.261,100.313,11 de Febrero 2024,7.035,1
30,PUNTO - 22,482.099,417.908,100.303,11 de Febrero 2024,7.035,1
30,PUNTO - 23,477.41,426.585,100.289,11 de Febrero 2024,7.035,1
30,PUNTO - 24,471.09,434.238,100.289,11 de Febrero 2024,7.035,1
30,PUNTO - 25,463.25,440.383,100.29,11 de Febrero 2024,7.035,1
30,PUNTO - 26,454.276,444.712,100.284,11 de Febrero 2024,7.035,1
30,PUNTO - 27,444.901,446.973,100.281,11 de Febrero 2024,7.035,1
30,PUNTO - 28,434.974,447.213,100.283,11 de Febrero 2024,7.035,1
30,PUNTO - 29,425.226,445.375,100.293,11 de Febrero 2024,7.035,1
30,PUNTO - 30,416.08,441.502,100.308,11 de Febrero 2024,7.035,1
32,PUNTO - 1 = 127º,410.577,437.932,100.314,14 DE ENERO 2025,19.4,1
32,PUNTO - 2,403.368,431.075,100.326,14 DE ENERO 2025,19.4,1
32,PUNTO - 3,397.767,422.843,100.335,14 DE ENERO 2025,19.4,1
32,PUNTO - 4,394.064,413.624,100.338,14 DE ENERO 2025,19.4,1
32,PUNTO - 5,392.388,403.843,100.334,14 DE ENERO 2025,19.4,1
32,PUNTO - 6,392.84,393.921,100.306,14 DE ENERO 2025,19.4,1
32,PUNTO - 7,395.407,384.326,100.289,14 DE ENERO 2025,19.4,1
32,PUNTO - 8,399.967,375.496,100.283,14 DE ENERO 2025,19.4,1
32,PUNTO - 9,406.379,367.72,100.284,14 DE ENERO 2025,19.4,1
32,PUNTO - 10,411.159,363.658,100.302,14 DE ENERO 2025,19.4,1
32,PUNTO - 11,419.742,358.653,100.326,14 DE ENERO 2025,19.4,1
32,PUNTO - 12,429.19,355.585,100.323,14 DE ENERO 2025,19.4,1
32,PUNTO - 13,439.121,354.606,100.315,14 DE ENERO 2025,19.4,1
32,PUNTO - 14,448.984,355.755,100.304,14 DE ENERO 2025,19.4,1
32,PUNTO - 15,458.361,358.969,100.299,14 DE ENERO 2025,19.4,1
32,PUNTO - 16,466.873,364.114,100.29,14 DE ENERO 2025,19.4,1
32,PUNTO - 17,474.081,370.966,100.285,14 DE ENERO 2025,19.4,1
32,PUNTO - 18,479.668,379.194,100.281,14 DE ENERO 2025,19.4,1
32,PUNTO - 19,483.35,388.432,100.285,14 DE ENERO 2025,19.4,1
32,PUNTO - 20,485.005,398.206,100.291,14 DE ENERO 2025,19.4,1
32,PUNTO - 21,484.509,408.27,100.302,14 DE ENERO 2025,19.4,1
32,PUNTO - 22,482.099,417.914,100.294,14 DE ENERO 2025,19.4,1
32,PUNTO - 23,477.408,426.592,100.28,14 DE ENERO 2025,19.4,1
32,PUNTO - 24,471.085,434.245,100.28,14 DE ENERO 2025,19.4,1
32,PUNTO - 25,463.245,440.388,100.28,14 DE ENERO 2025,19.4,1
32,PUNTO - 26,454.271,444.716,100.273,14 DE ENERO 2025,19.4,1
32,PUNTO - 27,444.897,446.976,100.271,14 DE ENERO 2025,19.4,1
32,PUNTO - 28,434.976,447.216,100.274,14 DE ENERO 2025,19.4,1
32,PUNTO - 29,425.23,445.377,100.285,14 DE ENERO 2025,19.4,1
32,PUNTO - 30,416.085,441.504,100.299,14 DE ENERO 2025,19.4,1
33,PUNTO - 1 = 127º,410.578,437.93,100.312,04 DE MAYO 2025,19.602,1
33,PUNTO - 2,403.368,431.075,100.326,04 DE MAYO 2025,19.602,1
33,PUNTO - 3,397.767,422.842,100.335,04 DE MAYO 2025,19.602,1
33,PUNTO - 4,394.064,413.623,100.337,04 DE MAYO 2025,19.602,1
33,PUNTO - 5,392.388,403.842,100.332,04 DE MAYO 2025,19.602,1
33,PUNTO - 6,392.837,393.921,100.307,04 DE MAYO 2025,19.602,1
33,PUNTO - 7,395.405,384.326,100.287,04 DE MAYO 2025,19.602,1
33,PUNTO - 8,399.965,375.496,100.28,04 DE MAYO 2025,19.602,1
33,PUNTO - 9,406.377,367.721,100.292,04 DE MAYO 2025,19.602,1
33,PUNTO - 10,411.158,363.659,100.301,04 DE MAYO 2025,19.602,1
33,PUNTO - 11,419.741,358.654,100.325,04 DE MAYO 2025,19.602,1
33,PUNTO - 12,429.186,355.58,100.324,04 DE MAYO 2025,19.602,1
33,PUNTO - 13,439.116,354.601,100.316,04 DE MAYO 2025,19.602,1
33,PUNTO - 14,448.978,355.75,100.304,04 DE MAYO 2025,19.602,1
33,PUNTO - 15,458.357,358.964,100.298,04 DE MAYO 2025,19.602,1
33,PUNTO - 16,466.869,364.108,100.289,04 DE MAYO 2025,19.602,1
33,PUNTO - 17,474.077,370.961,100.285,04 DE MAYO 2025,19.602,1
33,PUNTO - 18,479.666,379.191,100.281,04 DE MAYO 2025,19.602,1
33,PUNTO - 19,483.349,388.428,100.285,04 DE MAYO 2025,19.602,1
33,PUNTO - 20,485.004,398.201,100.292,04 DE MAYO 2025,19.602,1
33,PUNTO - 21,484.508,408.266,100.302,04 DE MAYO 2025,19.602,1
33,PUNTO - 22,482.099,417.911,100.293,04 DE MAYO 2025,19.602,1
33,PUNTO - 23,477.411,426.589,100.28,04 DE MAYO 2025,19.602,1
33,PUNTO - 24,471.089,434.237,100.281,04 DE MAYO 2025,19.602,1
33,PUNTO - 25,463.248,440.382,100.28,04 DE MAYO 2025,19.602,1
33,PUNTO - 26,454.275,444.71,100.275,04 DE MAYO 2025,19.602,1
33,PUNTO - 27,444.9,446.969,100.273,04 DE MAYO 2025,19.602,1
33,PUNTO - 28,434.977,447.212,100.275,04 DE MAYO 2025,19.602,1
33,PUNTO - 29,425.23,445.374,100.284,04 DE MAYO 2025,19.602,1
33,PUNTO - 30,416.086,441.501,100.299,04 DE MAYO 2025,19.602,1
36,PUNTO - 1 = 127º,410.575,437.931,100.313,27 DE MARZO 2026,19.391,1
36,PUNTO - 2,403.365,431.077,100.328,27 DE MARZO 2026,19.391,1
36,PUNTO - 3,397.764,422.844,100.336,27 DE MARZO 2026,19.391,1
36,PUNTO - 4,394.062,413.625,100.339,27 DE MARZO 2026,19.391,1
36,PUNTO - 5,392.385,403.844,100.333,27 DE MARZO 2026,19.391,1
36,PUNTO - 6,392.839,393.919,100.308,27 DE MARZO 2026,19.391,1
36,PUNTO - 7,395.406,384.325,100.288,27 DE MARZO 2026,19.391,1
36,PUNTO - 8,399.965,375.494,100.28,27 DE MARZO 2026,19.391,1
36,PUNTO - 9,406.377,367.718,100.294,27 DE MARZO 2026,19.391,1
36,PUNTO - 10,411.157,363.656,100.302,27 DE MARZO 2026,19.391,1
36,PUNTO - 11,419.74,358.65,100.328,27 DE MARZO 2026,19.391,1
36,PUNTO - 12,429.191,355.591,100.326,27 DE MARZO 2026,19.391,1
36,PUNTO - 13,439.117,354.61,100.318,27 DE MARZO 2026,19.391,1
36,PUNTO - 14,448.981,355.759,100.307,27 DE MARZO 2026,19.391,1
36,PUNTO - 15,458.359,358.976,100.301,27 DE MARZO 2026,19.391,1
36,PUNTO - 16,466.873,364.12,100.292,27 DE MARZO 2026,19.391,1
36,PUNTO - 17,474.087,370.968,100.289,27 DE MARZO 2026,19.391,1
36,PUNTO - 18,479.667,379.195,100.286,27 DE MARZO 2026,19.391,1
36,PUNTO - 19,483.346,388.437,100.29,27 DE MARZO 2026,19.391,1
36,PUNTO - 20,484.999,398.211,100.297,27 DE MARZO 2026,19.391,1
36,PUNTO - 21,484.504,408.275,100.306,27 DE MARZO 2026,19.391,1
36,PUNTO - 22,482.096,417.92,100.297,27 DE MARZO 2026,19.391,1
36,PUNTO - 23,477.407,426.598,100.284,27 DE MARZO 2026,19.391,1
36,PUNTO - 24,471.083,434.244,100.284,27 DE MARZO 2026,19.391,1
36,PUNTO - 25,463.243,440.387,100.284,27 DE MARZO 2026,19.391,1
36,PUNTO - 26,454.27,444.715,100.279,27 DE MARZO 2026,19.391,1
36,PUNTO - 27,444.895,446.975,100.277,27 DE MARZO 2026,19.391,1
36,PUNTO - 28,434.976,447.214,100.279,27 DE MARZO 2026,19.391,1
36,PUNTO - 29,425.229,445.377,100.289,27 DE MARZO 2026,19.391,1
36,PUNTO - 30,416.083,441.503,100.303,27 DE MARZO 2026,19.391,1
